name,length
Hartford Turnpike,183.974
Harrington Farms Way,60.788
Grafton Street,67.963
Grafton Street,77.214
Boston Turnpike,106.26299999999999
First Avenue,188.07099999999997
North Quinsigamond Avenue,133.28
North Quinsigamond Avenue,117.423
North Street,62.749
North Street,88.34
Clear View Road,187.894
Spruce Street,74.846
Crescent Street,343.47799999999984
Crescent Street,207.401
Cherry Hill Drive,160.977
Tory Lane,205.885
Greenbriar Drive,150.953
Sewell Street,157.73
Sewell Street,603.1849999999998
Spring Circle,297.93100000000004
Spring Circle,82.524
Wilder Road,320.588
Fox Hill Road,336.921
Prospect Street,187.39
Prospect Street,274.87399999999997
Tolblin Hill Drive,145.73
Forest Avenue,154.59400000000002
South Quinsigamond Avenue,98.407
South Quinsigamond Avenue,70.347
Ridgeland Road,73.107
Shirley Road,150.668
Holden Street,188.977
Holden Street,337.92
Park Street Place,23.682
Russell Avenue,181.891
Park Street Place,70.402
Cherry Hill Drive,160.977
Cherry Street,103.839
Cherry Street,154.051
Winslow Street,87.162
Garfield Avenue,182.614
Winslow Street,294.483
Hayden Lane,94.875
Spring Street,28.358
Spring Street,108.06200000000001
Gifford Drive,114.06200000000001
Harriet Lane,98.56899999999999
Dawson Circle,179.477
Dawson Circle,103.49000000000001
Brookdale Circle,24.911
Old Laxfield Road,303.394
Old Laxfield Road,24.658
Sias Avenue,72.833
Sias Avenue,71.809
Browne Road,135.529
Browne Road,86.447
Thestland Drive,195.095
Main Street,96.709
Main Street,217.05100000000002
Ashton Drive,120.40200000000002
Rockwell Drive,534.441
Rockwell Drive,166.94
Richard Avenue,31.919
Westport Circle,59.998999999999995
Richard Avenue,107.483
Meadowbrook Circle,163.09699999999998
Main Boulevard,84.901
Main Boulevard,138.065
State Street,111.524
Berkshire Road,339.10299999999995
Amherst Road,116.547
Amherst Road,166.14700000000002
Farview Avenue,69.729
Farview Avenue,138.681
Upland Avenue,143.948
Boylston Street,34.712
Floral Street,189.265
Floral Street,130.975
Violette Circle,118.48000000000002
,58.124
Commons Drive,28.74
Commons Drive,64.463
Woodland Road,92.721
Arnold Road,107.987
Woodland Road,82.154
Commons Drive,258.51500000000004
Hartford Turnpike,620.0030000000002
Hartford Turnpike,137.187
Bummet Brook Circle,109.66499999999999
,384.5059999999999
Topsfield Circle,254.64500000000004
Topsfield Circle,252.682
Topsfield Circle,116.81899999999999
Monadnock Drive,359.0659999999999
Main Street,578.717
Main Street,139.81699999999998
Bunker Hill Road,105.65400000000001
Bunker Hill Road,96.47
Lexington Road,400.61199999999985
,263.71700000000004
Avon Drive,104.63
"['Avon Avenue', 'Phillips Avenue']",118.36700000000002
Avon Avenue,189.928
Marlboro Street,85.09800000000001
Westview Avenue,224.986
Birchwood Drive,82.188
Birchwood Drive,21.439
Sunflower Circle,94.697
Jill Circle,63.108
Lake Street,265.41900000000004
Lake Street,85.25399999999999
Harvard Avenue,318.09
Main Circle,117.415
Main Circle,85.01
Jamie Lane,178.28199999999998
Cypress Avenue,55.048
Cypress Avenue,154.442
Ivy Path,315.71500000000003
Edgemere Boulevard,183.65499999999997
"['Smith Lane', 'Stringer Dam Road']",203.27200000000002
Stringer Dam Road,47.346999999999994
,54.25
,88.31299999999999
Melody Lane,357.50800000000004
Grafton Street,139.34300000000002
Grafton Street,117.0
Lake Street,26.592
Harrington Farms Way,155.54300000000003
Lake Street,95.97200000000001
Hapgood Way,31.097
Paton Road,174.68300000000002
Paton Road,222.216
Summer Street,144.929
Summer Street,103.572
Maple Circle,271.796
Richard Avenue,124.90400000000001
Richard Avenue,89.92399999999999
Irving Drive,79.176
Lakeside Drive,397.80099999999993
Lakeside Drive,149.34800000000004
Floral Street,22.81
Whippoorwill Drive,140.125
Floral Street,489.045
Redwood Lane,76.25800000000001
Prospect Street,11.919
Prospect Street,412.7950000000001
Ashley Drive,23.233
,456.20599999999996
,530.358
Glen Gery Road,44.661
Glen Gery Road,151.301
Evergreen Street,78.494
High Street,693.4330000000001
High Street,113.58200000000001
Kalamat Farms Circle,377.7039999999999
Adams Road,195.307
Adams Road,183.001
Beths Road,233.67399999999998
Svenson Road,53.416000000000004
"['Sterling Street', 'Svenson Road']",228.14000000000004
Power Avenue,157.112
Hartford Turnpike,48.352
Huntington Road,66.698
Hartford Turnpike,36.908
Beaver Drive,35.316
Maple Avenue,19.373
Maple Avenue,289.24
Howe Avenue,145.699
Howe Avenue,320.733
Hillside Drive,585.11
Morningside Drive,174.093
Stoneland Road Way,84.51
,200.192
Harrington Farms Way,39.124
Old Mill Road,140.856
Old Mill Road,80.674
Lexington Road,400.61199999999997
Dorianna Circle,18.493
Dorianna Circle,78.77199999999998
Elm Street,22.83
Elm Street,50.906
Walnut Street,343.26699999999994
Avon Drive,104.63
King Arthur Road,239.441
Joseph Road,154.104
Joseph Road,49.68000000000001
Neptune Drive,380.826
Boylston Street,719.783
Boylston Street,122.707
Waterville Lane,99.71600000000001
Waterville Lane,357.57
Lahinch Lane,45.392
Barrows Road,127.13000000000001
Flagg Road,154.01100000000002
"['Blackstone Street', 'Olive Avenue']",255.76
Hartford Turnpike,324.567
Hartford Turnpike,79.11699999999999
Spruce Street,61.393
Spruce Street,74.846
Shady Lane Avenue,71.495
South Quinsigamond Avenue,288.389
South Quinsigamond Avenue,127.544
Grace Avenue,266.46200000000005
Blackthorn Road,211.28000000000003
Blackthorn Road,157.019
Settlers Road,248.485
Jacobson Drive,153.72
Valley Forge Drive,290.352
Weagle Farm Road,136.56300000000002
Deerfield Road,99.48400000000001
Deerfield Road,110.90700000000001
Tanglewood Drive,223.06400000000005
Norwood Avenue,69.708
Lakeside Drive,9.559
"['Sunset Lane', 'Bay Road']",218.34900000000002
Lakeside Drive,397.80100000000016
Gage Lane,387.8200000000001
Maple Avenue,87.58500000000001
Maple Avenue,55.028
North Quinsigamond Avenue,21.171
North Quinsigamond Avenue,132.584
Harrington Farms Way,89.498
Harrington Farms Way,125.126
Harrington Farms Way,159.088
Lake Street,263.4269999999999
Lake Street,376.53499999999997
Arrowwood Drive,331.03900000000004
Crescent Street,70.83
Crescent Street,119.75099999999999
Catalina Drive,176.378
Quail Hollow Drive,185.111
,56.333
South Quinsigamond Avenue,70.347
South Quinsigamond Avenue,20.189
"['Sleepy Hollow', 'Sleepy Hollow Road']",204.60199999999998
"['Sleepy Hollow', 'Sleepy Hollow Road']",204.60199999999998
Dalton Drive,100.90099999999998
Dalton Drive,38.940999999999995
Dalton Drive,28.521
Beths Road,233.674
Sheryl Drive,106.47399999999999
Sheryl Drive,370.80400000000014
Northland Road,111.007
North Street,183.52799999999996
North Street,208.64600000000002
"['Beacon Street', 'Broadway']",116.979
Beacon Street,78.97
Marlboro Street,85.09799999999998
Wingate Street,108.88899999999998
Ridgeland Road,117.53600000000002
Ridgeland Road,75.293
Judick Street,112.755
Estabrook Road,86.175
Estabrook Road,67.735
Willow Street,160.58800000000002
Prospect Street,83.834
Prospect Street,114.338
Broushane Circle,177.71200000000002
North Street,94.274
Park Street,68.564
Park Street,136.174
Park View Lane,123.237
Hartford Turnpike,48.352
Hartford Turnpike,236.39499999999998
Edgemere Boulevard,52.919000000000004
Edgemere Boulevard,223.11299999999997
Irving Drive,73.297
Bay View Drive,90.224
Hearthside Circle,167.475
Gleason Road,135.313
Boston Turnpike,73.80600000000001
Brentwood Drive,218.938
Brentwood Drive,320.142
Seton Drive,446.0230000000001
Glen Gery Road,151.30100000000002
Rolfe Avenue,76.179
Rolfe Avenue,77.831
Gleason Road,142.227
Adin Drive,170.10699999999997
Rosedale Avenue,70.02199999999999
Rosedale Avenue,175.004
Broadway,93.57300000000001
Broadway,71.769
Casavan Avenue,200.12300000000005
Boston Turnpike,79.089
Sheehan Drive,176.79399999999998
E K Court,25.469
Shirley Lane,214.276
Wendell Street,102.936
Bow Street,48.951
Bow Street,272.308
,510.0520000000002
,531.842
,191.121
Harvard Avenue,318.09000000000003
Rolling Hill Road,133.095
Wachusett Avenue,60.677
Wachusett Avenue,78.33200000000001
Sandpiper Drive,112.461
Willet Drive,245.564
Willet Drive,94.251
Tern Drive,83.536
Eagle Drive,92.833
Ptarmigan Drive,109.22300000000001
Ptarmigan Drive,132.755
State Street,71.783
Garfield Avenue,182.61399999999998
State Street,111.524
Hartford Turnpike,435.097
Hartford Turnpike,775.33
Stoney Hill Road,256.096
Boylston Street,109.075
Zylonite Street,31.9
Rhinecliff Street,18.386
Rhinecliff Street,63.199
Old Mill Road,179.466
Maple Avenue,26.72
Maple Avenue,145.16600000000003
Walnut Street,384.832
Walnut Street,200.61100000000002
Floral Street,138.858
Casavan Avenue,200.12300000000002
Shannon Drive,82.314
Grace Avenue,112.30799999999999
Grace Avenue,136.739
Lincoln Way,110.771
Hartford Turnpike,53.823
Hartford Turnpike,79.11699999999999
Harrington Avenue,249.96099999999993
Harrington Avenue,19.968
Whitney Street,230.453
Nelson Point Road,140.923
Nelson Point Road,226.647
Point Road,169.257
Jamie Lane,178.28199999999998
North Street,233.62099999999998
North Street,225.72999999999996
,534.412
Boylston Street,279.84600000000006
Main Street,175.48000000000002
Main Street,152.112
Colton Lane,647.623
Linda Circle,68.916
Crescent Street,43.099
Crescent Street,233.332
Dawson Circle,103.49
East Avenue,86.28
East Avenue,35.449
Brookway Drive,368.632
Memorial Drive,61.352
Memorial Drive,83.176
Plainfield Avenue,11.013
Boston Turnpike,90.386
Gulf Street,338.4789999999999
Sewell Street,157.73
Audubon Drive,217.42
Audubon Drive,62.291
Ptarmigan Drive,109.223
Tory Drive,142.899
Tory Drive,155.81799999999998
Tory Lane,205.885
Water Street,19.16
"['Jefferson Drive', 'Trowbridge Lane']",241.26800000000003
Hunting Avenue,247.265
Hunting Avenue,99.209
Sias Avenue,74.317
Gordon Road,135.53900000000002
Gordon Road,98.55799999999999
Redland Street,53.489999999999995
Pearl Street,92.252
Walnut Street,87.939
Walnut Street,557.787
Brook Street,635.278
Edgewood Road,171.004
Edgewood Road,125.376
Ferncroft Road,299.749
Hillando Drive,550.0029999999999
Hillando Drive,416.94000000000005
Old Farm Circle,175.33599999999998
Arbor Circle,68.029
Checkerberry Lane,122.94900000000001
Floral Street,192.608
Floral Street,127.38
Tamarack Lane,226.77100000000002
Stratton Drive,51.644999999999996
Van Ness Avenue,92.93
Maple Avenue,44.970000000000006
Maple Avenue,32.045
,80.7
Wachusett Avenue,113.608
Wachusett Avenue,425.983
Bryant Avenue,336.563
Hunting Avenue,269.0779999999999
Hunting Avenue,247.26500000000001
Benjamin Lane,122.59899999999999
Boylston Street,248.31500000000005
Boylston Street,405.9019999999999
Hill Street,204.49799999999993
Olympia Avenue,30.399
Olympia Avenue,23.572
Lake View Avenue,316.745
South Street,21.024
,185.795
South Street,144.366
Clews Street,139.27
Clews Street,234.72200000000004
Holt Street,232.23700000000002
Pinedale Road,296.949
Plainfield Avenue,53.82299999999999
Plainfield Avenue,73.535
Grove Ridge Path,60.022
Francis Avenue,564.53
Paton Road,174.683
Francis Avenue,224.702
,261.061
,74.895
,141.335
Marsh Drive,92.418
Clinton Street,177.72199999999998
Clinton Street,34.542
Harrington Farms Way,255.748
Harrington Farms Way,155.54299999999995
Harrington Farms Way,257.063
Audubon Drive,364.6189999999999
Sandpiper Drive,90.003
Audubon Drive,62.291000000000004
Reuben Circle,47.468
Saybrook Road,76.374
Catalina Drive,176.378
Saybrook Road,116.204
Park Street West,12.167
Shepard Lane,180.52599999999998
Park Street West,100.316
Vega Drive,112.353
Vega Drive,127.965
Mars Drive,211.91199999999998
Carlton Street,76.5
Carlton Street,154.539
Brookway Drive,368.632
Adams Road,171.10000000000002
Grafton Street,97.66799999999999
Grafton Street,226.61399999999998
,39.818
Main Street,32.087
Pine Avenue,166.83499999999998
Olympia Avenue,100.89500000000001
Olympia Avenue,62.589
Pond Street,44.287
Plainfield Avenue,81.895
Plainfield Avenue,53.823
Elm Street,138.23000000000002
Old Mill Road,98.538
Old Mill Road,177.064
Vega Drive,112.353
Venus Drive,230.86700000000002
Venus Drive,286.783
Old Laxfield Road,289.803
Boston Turnpike,504.5899999999999
Elm Street,19.174
Elm Street,28.173
"['Jacob Street', 'Pleasant View Street']",108.862
Pleasant View Street,53.669
Rice Avenue,56.757000000000005
Main Street,90.015
Main Street,142.351
Commonwealth Avenue,129.06399999999996
Oak Street,12.082
Boston Turnpike,336.509
Oak Street,99.031
Crescent Place,114.0
Crescent Street,217.072
Crescent Street,96.118
Crescent Street,217.072
Maple Avenue,49.608
Maple Avenue,107.69600000000001
Deerfield Road,563.1959999999999
Deerfield Road,99.48400000000001
Forest Hill Drive,268.76099999999997
Dickinson Circle,101.164
Hawthorne Road,527.057
Hawthorne Road,271.243
,80.08200000000001
Harrington Farms Way,39.918
Harrington Farms Way,125.12599999999998
Harrington Farms Way,44.047000000000004
Olympia Avenue,55.394
Dewey Road,181.412
Dewey Road,70.684
Olympia Avenue,100.895
Clews Street,133.17399999999998
Hartford Turnpike,176.707
Hartford Turnpike,122.668
Richard Avenue,31.919
Wiltshire Drive,156.221
Richard Avenue,89.92399999999999
Howe Avenue,309.38999999999993
Howe Avenue,93.6
Harris Avenue,171.914
,186.392
Oak Street,19.688
Oak Street,99.031
Oak Street Terrace,48.39
Prospect Street,114.338
Saturn Drive,171.09699999999998
Adin Drive,170.10699999999997
Prospect Street,235.455
Main Street,81.982
Main Street,392.26199999999994
Gage Lane,387.82
Rawson Place,102.842
Barnard Street,334.202
Barnard Street,84.977
Boston Drive,126.021
Saunders Drive,266.795
Saunders Drive,72.196
Boston Drive,166.928
Lear Street,57.150999999999996
Westbrook Crossing Drive,47.336
Westbrook Crossing Drive,78.20599999999999
Cabot Drive,27.271000000000004
Boston Turnpike,234.76099999999997
Chestnut Street,280.706
Walnut Street,29.988
Walnut Street,41.364999999999995
Walnut Street,38.117999999999995
Carriage Hill Road,228.107
Partridge Hill Road,235.39399999999995
Partridge Hill Road,117.99799999999999
Crane Circle,121.82
Amherst Road,166.147
Harrington Avenue,19.968
Harrington Avenue,54.563
Muzzy Avenue,30.984
Howe Avenue,145.699
Howe Avenue,215.422
Hillside Drive,116.489
Deerfield Road,110.90700000000001
Barnard Street,334.202
Barnard Street,166.63400000000001
Cox Lane,87.434
Linwood Drive,155.862
Browne Road,135.529
Boston Turnpike,72.764
Crane Circle,121.82000000000001
Sandpiper Drive,129.031
Sandpiper Drive,90.00300000000001
Elizabeth Street,187.63
Commons Drive,28.74
Commons Drive,64.61500000000001
,348.586
,20.285
Greenbriar Drive,190.84699999999998
Cypress Avenue,161.31599999999997
Cypress Avenue,175.79499999999996
Wesleyan Terrace,158.768
Knowlton Avenue,379.61099999999993
Knowlton Avenue,94.75999999999999
Wesleyan Terrace,108.55600000000001
Neptune Drive,275.683
Neptune Drive,380.826
Aspen Road,192.74400000000006
,205.92799999999997
,115.393
,228.60700000000003
Main Street,232.83900000000003
Main Street,392.262
Tuscan Place,89.205
Walnut Street,306.613
Walnut Hill Lane,135.07799999999997
Walnut Street,152.31799999999998
,118.24300000000001
Brookdale Circle,36.238
Brookdale Circle,25.89
Brookdale Circle,202.034
Hobblebush Road,104.382
Arrowwood Drive,115.245
Arrowwood Drive,149.785
Douglas Circle,55.046
Lake Street,376.53499999999997
Hartford Turnpike,516.648
Hartford Turnpike,324.567
Rolfe Avenue,81.512
"['Rolfe Avenue', 'Stanley Road']",126.53400000000002
Browne Road,86.447
Miller Place,55.223
Walnut Street,35.209999999999994
Walnut Street,104.833
Nursery Drive,278.55400000000003
,45.434000000000005
Grafton Street,199.643
Flagg Road,73.34
Flagg Road,44.022999999999996
George Street,127.11200000000001
Whippoorwill Drive,259.817
Main Boulevard,115.30000000000001
Bumble Bee Circle,371.03
Bumble Bee Circle,275.59000000000003
Maple Avenue,33.949
Bunker Hill Road,59.286
Old Mill Road,80.674
Old Mill Road,378.32800000000003
Lakewood Drive,93.913
Ridgeland Road,117.53599999999999
Plainfield Avenue,66.74
Greenwood Avenue,152.887
Greenwood Avenue,74.837
Seneca Street,246.523
East Lake Road,201.05100000000002
Hapgood Way,31.097
Hapgood Way,739.434
Westport Drive,295.35699999999997
Bruce Avenue,362.69399999999996
Main Street,130.464
Main Street,117.96000000000001
May Street,126.331
Crescent Street,44.853
Crescent Street,64.085
Saybrook Road,316.738
Main Street,81.78
Main Street,29.805
Stoney Hill Road,117.577
Stoney Hill Road,256.096
Pheasant Hill Drive,231.883
Spring Street,212.318
Spring Street,113.838
,74.89500000000001
,124.93299999999999
,83.671
Commons Drive,21.421
Commons Drive,47.22
Beverly Road,89.634
,15.325
,41.973
,103.214
Shannon Drive,160.684
Cedar Road,135.503
Cedar Road,182.048
Egret Circle,122.66499999999999
View Street,163.593
Van Ness Avenue,95.245
Van Ness Avenue,92.92999999999999
Woodland Road,91.688
Woodland Road,117.353
Willow Street,160.58800000000002
Pond Avenue,105.128
Clinton Street,58.166
Clinton Street,89.59200000000001
Colonial Drive,157.845
Colonial Drive,159.765
Coachman Ridge Road,207.911
Elm Street,126.424
Elm Street,54.643
Elm Street,50.906
Sewell Street,603.185
Sewell Street,93.11599999999999
Candlewood Way,290.86000000000007
Baldwin Circle,202.62699999999998
Pinedale Road,296.949
South Quinsigamond Avenue,73.114
South Quinsigamond Avenue,93.11700000000002
East Lake Road,201.05099999999996
Chartwell Circle,206.05999999999997
Whitehall Circle,183.33200000000002
Whitehall Circle,144.066
Hill Street,656.947
Prospect Street,60.94500000000001
Prospect Street,187.39
Concord Road,292.706
Bunker Hill Road,276.846
Bunker Hill Road,96.47
Edgewater Avenue,38.122
Lakewood Drive,93.913
"['Hancock Street', 'Lakewood Drive']",546.9570000000001
Camelot Drive,313.03
Camelot Drive,106.547
Oak Street,52.216
Heronwood Drive,172.253
Oak Street,88.178
Nightingale Drive,265.158
Clinton Street,49.437
Clinton Street,58.166
Ira Avenue,122.10600000000001
Chamberlain Road,68.782
Peninsula Drive,114.74600000000001
"['Edgemont Road', 'Beach Road']",493.099
Maple Avenue,292.266
Maple Avenue,157.30100000000002
,456.4799999999999
Rawson Hill Drive,83.14
"['Howard Street', 'Selina Street']",184.64800000000002
Harrington Avenue,19.798000000000002
Harrington Avenue,37.793
Rolfe Avenue,75.57600000000001
Rolfe Avenue,76.179
Tatum Road,119.656
Hill Street,361.957
Hill Street,204.49800000000002
Straw Hollow Lane,214.758
Old Oak Street,95.649
Oak Street,127.77800000000002
Oak Street,308.131
Pond Street,44.287
Main Street,26.857
Main Street,54.289
Kingston Street,290.51200000000006
Floral Street,132.63600000000002
South Street,310.024
South Street,275.84000000000003
Kenda Road,233.28799999999998
Dorianna Avenue,171.559
Kenda Road,187.00000000000003
Audubon Drive,133.71300000000002
Audubon Drive,217.41999999999996
Odonnell Avenue,67.448
Odonnell Avenue,427.661
Winslow Street,27.577
Tory Drive,142.899
Walnut Hill Lane,135.07799999999997
Clinton Street,12.334
Clinton Street,284.709
Bow Street,45.589999999999996
Kenda Circle,55.745000000000005
Saxon Lane,127.655
Travis Road,164.696
Keyes House Road,529.231
Bracken Road,166.95700000000002
Walnut Drive,115.169
Walnut Street,279.595
Walnut Street,193.713
Eaton Place,251.692
"['Stringer Dam Road', 'Smith Lane']",203.27200000000002
,3006.338
Boxford Drive,38.953
Westbrook Crossing Drive,23.213
Westbrook Crossing Drive,47.336
Chartwell Circle,206.05999999999997
Commons Drive,258.515
,348.586
Commons Drive,68.986
Joseph Road,61.844
Bracken Road,166.95700000000002
Greenwood Avenue,152.887
Gifford Drive,114.06200000000001
Walnut Street,29.988000000000003
South Street,37.33
South Street,164.65
Oriole Circle,124.46099999999998
Rivelly Street,143.062
Main Street,20.158
Harriet Avenue,81.479
Harriet Avenue,129.12900000000002
Dawson Circle,179.47699999999998
Tanager Drive,484.043
Kinglet Drive,389.854
Kinglet Drive,58.961
Worthington Avenue,75.393
Worthington Avenue,157.61800000000002
Redland Street,143.605
Sandpiper Drive,116.87799999999999
Sandpiper Drive,129.031
Egret Circle,122.66499999999999
Eastern Point Drive,37.463
North Quinsigamond Avenue,132.584
North Quinsigamond Avenue,83.79499999999999
Cobblestone Way,64.446
Elliot Circle,175.78699999999998
Bayberry Circle,102.519
Main Circle,206.084
Main Circle,146.391
Turtle Creek Circle,175.44000000000003
Avon Avenue,31.267
South Quinsigamond Avenue,155.90000000000003
South Quinsigamond Avenue,96.00300000000001
Jordan Road,167.655
,205.928
,163.926
Rolfe Avenue,62.092
South Street,14.599
South Street,265.875
Boston Turnpike,540.782
Walnut Street,38.118
South Street,37.33
,200.192
Boston Turnpike,347.504
Harrison Place,15.171
Odonnell Avenue,66.67699999999999
Odonnell Avenue,124.30200000000002
Swan Circle,142.228
,196.55499999999995
Chase Terrace,138.341
Main Street,63.056000000000004
Main Street,89.681
Main Street,55.605999999999995
Lamplighter Drive,61.572
Lamplighter Drive,127.26100000000002
Lamplighter Drive,449.61400000000003
Oak Street,12.082
Oak Street,110.613
Boston Turnpike,569.951
Eaglehead Terrace,209.428
North Quinsigamond Avenue,71.42999999999999
North Quinsigamond Avenue,24.918
,151.76299999999998
Shady Lane Avenue,173.519
Bellridge Drive,227.571
Shady Lane Avenue,71.495
Guinevere Circle,231.166
Acorn Street,86.809
Edgewater Avenue,60.847
Edgewater Avenue,135.51
Bumble Bee Circle,82.7
Whippoorwill Drive,259.81700000000006
Whippoorwill Drive,183.58599999999998
Ladyslipper Drive,415.9960000000001
Broushane Circle,177.712
Vega Drive,134.953
Vega Drive,127.965
Saturn Drive,104.196
Country Way,239.536
North Street,225.73000000000002
North Street,183.52800000000002
Russell Avenue,181.89100000000002
Lincoln Way,110.771
Flagg Road,154.01100000000002
Flagg Road,73.34
Pratt Lane,139.63
Pratt Lane,51.477
Birch Lane,196.785
Lincoln Avenue,71.828
Main Boulevard,268.10900000000004
Main Boulevard,43.351
Metcalf Road,33.068
Country Way,172.93600000000004
Country Way,239.53599999999997
Morningside Drive,239.27699999999993
Morningside Drive,174.09299999999996
Higgins Street,65.851
Holden Street,73.44200000000001
Holden Street,133.254
Commons Drive,31.015
,84.102
Commons Drive,47.22
Saint James Road,340.977
Maple Avenue,74.434
Maple Avenue,49.608000000000004
Lakeside Path,86.036
Clinton Street,160.391
Taft Road,134.777
Faulkner Road,117.088
Faulkner Road,220.084
Hawthorne Road,527.057
Prospect Street,22.895
Spring Street,96.093
Prospect Street,176.261
,675.3909999999998
Hartford Turnpike,1256.9360000000001
Hartford Turnpike,155.46699999999998
Centech Boulevard,211.723
Cherry Street,327.74399999999997
Robertson Drive,256.691
Stringer Dam Road,30.111
Stringer Dam Road,47.347
Harold Lane,81.405
Edgemere Boulevard,223.113
Edgemere Boulevard,117.199
Boston Turnpike,106.82000000000001
Fruit Street,324.131
Elm Street,62.117
Elm Street,29.784999999999997
Caroline Avenue,186.713
Country Way,54.312
Knollwood Drive,357.4390000000001
Main Circle,146.39100000000002
Main Circle,122.37700000000001
Red Coat Road,326.29800000000006
Flintlock Drive,270.863
Floral Street,138.858
Floral Street,141.243
Harriet Avenue,76.822
Harriet Avenue,559.014
Harriet Lane,98.56899999999999
Deer Run Drive,142.02800000000002
Audubon Drive,161.941
North Quinsigamond Avenue,83.79499999999999
North Quinsigamond Avenue,40.364000000000004
Wachusett Avenue,425.98299999999995
Wachusett Circle,261.965
Wachusett Circle,109.85399999999998
Westbrook Crossing Drive,12.103
Westbrook Crossing Drive,23.064
Westbrook Crossing Drive,47.196999999999996
South Quinsigamond Avenue,49.263999999999996
South Quinsigamond Avenue,182.567
Cedar Road,182.048
Farmington Drive,175.412
Beaver Drive,35.316
Beaver Drive,143.374
Westwood Road,285.683
Harrington Farms Way,40.984
Harrington Farms Way,44.047000000000004
Harrington Farms Way,255.748
Boston Turnpike,196.64399999999998
Maple Avenue,58.55
Maple Avenue,71.768
Essex Drive,22.957
Dewey Road,12.662
Dewey Road,241.55399999999997
Boston Turnpike,253.374
Dana Road,111.25999999999999
Deergrass Road,144.379
Deergrass Road,193.75000000000003
Colton Lane,32.87
Beaver Drive,143.374
Colton Lane,647.6230000000002
Main Street,166.55700000000002
,102.762
Wheelock Street,152.677
Gulf Street,444.01299999999986
Gulf Street,174.14099999999996
Main Street,29.947
Alden Avenue,188.251
Main Street,183.33599999999998
Birch Lane,56.382
Carriage Hill Road,228.107
Birch Lane,183.249
Round Table Road,91.383
Round Table Road,254.56599999999997
Guinevere Circle,231.16600000000005
Joseph Road,132.373
Round Table Road,150.26
Joseph Road,154.10399999999998
Westwood Road,170.775
Westwood Road,96.295
Surrey Lane,248.061
Worthington Avenue,41.893
Worthington Avenue,225.565
Bluegrass Lane,124.92
Commons Drive,21.421
Commons Drive,64.463
,84.102
Vancroft Avenue,126.036
Villa Road,70.429
Villa Road,100.608
Ashley Drive,23.233
Westbrook Crossing Drive,47.196999999999996
Westbrook Crossing Drive,78.206
Deerfield Road,130.774
Rawson Hill Drive,83.14
Rawson Hill Drive,587.5130000000001
Lake Street,47.311
Lake Street,64.622
Nelson Point Road,140.923
Rams Gate Place,73.488
Coachman Ridge Road,413.277
Coachman Ridge Road,207.91100000000006
Boston Turnpike,172.459
Thomas Farm Circle,124.744
Cherry Street,161.558
Cherry Street,133.22100000000003
East Avenue,43.264
,667.3
Boylston Street,281.267
Westmont Road,104.315
Westmont Road,85.93299999999999
Westmont Circle,207.79800000000003
South Street,359.7
South Street,602.5250000000001
,401.7730000000001
Shady Lane Avenue,173.519
Atwood Lane,84.293
Shady Lane Avenue,332.96399999999994
Deerfield Road,130.774
Deerfield Road,177.327
Birch Brush Road,539.5350000000001
Woodland Road,92.721
Woodland Road,91.68799999999999
Laurel Avenue,148.70600000000002
Manor Road,35.719
Manor Road,75.291
"['Millwood Drive', 'Manor Road']",596.4159999999999
North Quinsigamond Avenue,117.423
North Quinsigamond Avenue,13.402
Boston Worcester Turnpike,157.192
Harrington Farms Way,257.063
Harrington Farms Way,89.498
Harrington Farms Way,124.75500000000002
Sherwood Avenue,204.643
,295.367
,277.559
,384.506
Brightside Avenue,146.081
Maple Avenue,127.51900000000002
Maple Avenue,109.869
Prospect Street,83.834
Applewood Circle,85.49099999999999
Prospect Street,274.874
,15.325
,58.124
,20.400999999999996
Arnold Road,107.987
Estabrook Road,83.687
Estabrook Road,84.544
Westview Avenue,331.773
Main Street,139.817
Main Street,232.839
Chase Terrace,138.34099999999998
Keyes House Road,328.58
Keyes House Road,174.27599999999998
Carter Road,231.76299999999998
Hartford Turnpike,97.193
Lakeside Drive,153.846
Hartford Turnpike,185.264
Elm Street,19.174
Elm Street,16.71
,104.83000000000001
South Street,13.73
Old Laxfield Road,303.39399999999995
South Street,359.70000000000005
Maplehurst Street,102.01
Holden Street,352.86
Holden Street,73.44200000000001
Wesleyan Terrace,108.55600000000001
Wesleyan Street,185.08700000000002
Wesleyan Street,87.261
Douglas Circle,55.046
Lake Street,95.97200000000001
Lake Street,163.655
Heywood Street,131.81300000000002
Heywood Street,336.01300000000003
Mangs Drive,184.507
School Street,129.811
Rice Street,240.98600000000002
School Street,220.098
Brentwood Drive,183.473
Brentwood Drive,218.93800000000002
Comstock Drive,286.553
Applewood Circle,85.49100000000001
Spring Street,107.288
High Street,693.4329999999999
Spring Street,496.474
Cross Street,340.624
North Street,51.748999999999995
North Street,200.168
South Street,26.511
Chestnut Street,22.996
South Street,183.666
Holden Street,294.6700000000001
Bow Street,272.30799999999994
Cherry Street,130.406
Cherry Street,186.18699999999998
Cherry Street,103.839
Bridle Path,414.42499999999995
Flanagan Drive,256.34799999999996
Francis Avenue,224.702
Francis Avenue,245.47400000000002
Grafton Circle,94.765
Grafton Circle,505.363
Memorial Drive,597.821
North Street,62.749
Lantern Lane,296.656
North Street,108.043
Lamplighter Drive,335.054
South Street,253.514
South Street,310.024
East Avenue,35.449
,143.276
Main Street,82.005
Crimson Drive,345.952
Grafton Street,149.002
Grafton Street,380.8550000000001
Holman Street,147.893
Francis Avenue,564.53
Main Street,117.96
Main Street,186.541
Robin Road,220.53600000000003
Bluegrass Lane,124.92
Bluegrass Lane,176.852
Gold Street,161.44299999999998
Grafton Street,226.61399999999998
Grafton Street,552.9989999999999
Plainfield Avenue,11.013
Plainfield Avenue,313.575
Boston Turnpike,76.91300000000001
Oak Street,74.047
Rivelly Street,143.062
Oak Street,84.392
Arrowwood Drive,149.785
Arrowwood Drive,331.039
Elderberry Circle,128.836
Beverly Hill Drive,55.125
Beverly Hill Drive,607.1299999999999
Beverly Hill Drive,225.537
South Quinsigamond Avenue,150.07
Overlook Avenue,140.304
Lake Street,136.463
Boston Turnpike,298.96000000000004
Stone Avenue,186.62300000000002
Westmont Road,85.93299999999999
Westmont Circle,207.79799999999997
Westmont Road,125.65900000000002
,80.7
Grafton Street,25.023
Grafton Street,155.657
,43.623
Boston Turnpike,50.423
Joyce Circle,279.479
Wheeler Avenue,190.822
Oregon Avenue,55.032
Oregon Avenue,56.506
Myriah Road,57.102999999999994
Stoney Hill Road,652.5260000000001
Stoney Hill Road,639.064
Quail Hollow Drive,185.111
Oak Street,8.213
Grace Avenue,120.16799999999998
Oak Street,290.93100000000004
Eastern Point Drive,45.656
Eastern Point Drive,51.730000000000004
Eastern Point Drive,148.64999999999998
Highland Street,112.69
Overlook Avenue,140.304
Overlook Avenue,75.852
Morrill Avenue,67.469
Morrill Avenue,66.701
Melvin Avenue,154.94299999999998
Melvin Avenue,222.05300000000003
Weagle Farm Road,136.56300000000002
Stonybrook Lane,83.45400000000001
Stonybrook Lane,75.71900000000001
Oak Street,123.028
Oak Street,8.213
Robin Road,220.536
Lupine Circle,87.917
Prospect Street,65.306
Prospect Street,385.726
Beacon Street,78.96999999999998
Maple Avenue,32.045
Maple Avenue,292.266
South Street,34.262
Brentwood Drive,320.14200000000005
South Street,275.8399999999999
Lantern Lane,296.656
Zylonite Street,31.9
Anglin Lane,150.188
Clear View Road,187.894
Brookdale Circle,34.456
Brookdale Circle,25.89
Brookdale Circle,130.312
Maplehurst Street,102.00999999999999
Camelot Drive,247.19099999999997
Blackthorn Road,211.28
North Street,233.62099999999998
Dartmoor Drive,11.47
Dartmoor Drive,34.53
Keswick Street,30.557000000000002
"['Keswick Street', 'Golden Hill Avenue']",210.70399999999998
Upland Avenue,143.948
Wheelock Street,231.50500000000002
Boylston Circle,149.704
Boylston Circle,370.27599999999995
Sword Street,79.473
Main Street,31.231
,23.499
Colonial Drive,108.617
Colonial Drive,157.84500000000003
Bridle Path,317.3539999999999
Shady Lane Avenue,332.96399999999994
Crescent Street,96.11799999999998
Crescent Street,343.47800000000007
Orchard Road,242.368
Woodchuck Hill Road,205.492
Old Brook Road,288.03299999999996
Old Brook Road,55.537
Tavern Street,170.46899999999997
Lake Street,160.51
Lake Street,160.87599999999998
Heywood Street,336.013
Whippoorwill Drive,183.586
Whippoorwill Drive,140.125
Honeysuckle Lane,92.104
Bumble Bee Circle,140.09199999999998
Moulton Avenue,23.859
Harrington Avenue,24.561999999999998
Harrington Avenue,37.916
Brookdale Circle,24.911
Brookdale Circle,36.401
Brookdale Circle,28.081
Main Street,6.749
Main Street,18.037
Main Street,55.606
Eaton Place,251.692
Harvest Road,169.522
Thomas Farm Circle,417.6620000000001
Thomas Farm Circle,104.06299999999999
Niblick Road,54.28099999999999
Phillips Court,105.596
Spring Meadow Drive,52.385000000000005
,89.389
Maple Circle,122.726
Richard Avenue,60.609
Richard Avenue,124.904
Nelson Point Road,226.647
Nelson Point Road,255.18700000000004
Nelson Point Road,255.18700000000004
Jackson Street,87.282
Gulf Street,299.097
Gulf Street,751.2130000000002
Hartford Turnpike,18.602
Hartford Turnpike,205.45499999999998
,210.694
Shirley Road,69.273
,144.77599999999998
Monadnock Drive,359.06600000000003
Westview Avenue,224.98600000000002
Westview Avenue,331.77299999999997
,93.57800000000002
,89.208
,36.463
,399.8740000000001
Arrowwood Drive,109.1
Arrowwood Drive,93.34800000000001
Cottonwood Circle,98.78500000000001
Brook Street,635.2779999999999
Brook Street,207.53599999999997
Waterville Lane,164.957
Niblick Road,38.016
Dalphen Road,135.146
Worthington Avenue,190.741
Boston Turnpike,118.81
Oak Street,142.23
Oak Street,543.8009999999999
Gale Avenue,218.45199999999994
Groveland Street,61.155
Colonial Drive,410.527
Colonial Drive,269.575
Notch Brook Road,161.61199999999997
Kemble Drive,243.00799999999998
Reservoir Street,450.538
Reservoir Street,90.571
Saxon Lane,192.956
Saxon Lane,170.48999999999998
Partridge Hill Road,117.99800000000002
Cobblestone Way,64.446
Cobblestone Way,194.20499999999998
Coachman Ridge Road,413.277
Olde Colony Drive,162.322
Olde Colony Drive,410.4169999999999
Carter Road,413.19599999999986
Farview Avenue,77.111
Floral Street,22.81
Fruit Street,151.296
Floral Street,127.38
Kenilworth Road,104.951
Monroe Street,313.033
Westport Drive,295.357
Walnut Street,200.611
Walnut Street,104.015
Hillando Drive,416.94
Bittersweet Circle,134.354
Arrowwood Drive,65.856
Arrowwood Drive,115.24499999999999
North Quinsigamond Avenue,24.918
North Quinsigamond Avenue,19.577
Phillips Avenue,73.973
Thestland Drive,160.989
Thestland Drive,195.09499999999997
Deergrass Road,193.75000000000003
Alden Avenue,188.251
Acorn Street,86.809
Sterling Street,58.043
Sterling Street,175.315
"['Miles Avenue', 'Bagley Avenue']",169.73800000000003
Olympia Avenue,62.589
Olympia Avenue,100.02000000000001
Old Farm Circle,175.336
Oregon Avenue,56.506
Dewey Road,181.412
"['Parker Road', 'Oregon Avenue']",316.5400000000001
May Street,74.177
May Street,126.33100000000002
May Street,60.033
,54.6
Heritage Road,109.178
Heritage Road,74.442
Mayflower Circle,112.828
Willard Avenue,42.251
Harrington Avenue,75.92699999999999
Harrington Avenue,73.21
,153.045
,216.80500000000004
,186.39200000000002
,141.335
Eastern Point Drive,51.73
Eastern Point Drive,45.656000000000006
Eastern Point Drive,37.463
,185.79500000000002
Grafton Circle,39.128
Grafton Circle,505.363
Park Street Place,23.682
South Quinsigamond Avenue,295.081
South Quinsigamond Avenue,49.263999999999996
Stoneland Road,117.115
Rockwell Drive,202.89499999999998
Rockwell Drive,534.441
Mangs Drive,184.5070000000001
Main Street,139.834
Main Street,58.826
,42.949
Oakland Avenue,195.80700000000004
Oakland Avenue,182.07399999999998
,42.949000000000005
Cypress Avenue,175.79500000000002
Cypress Avenue,154.442
Redwood Lane,76.258
Kinglet Drive,58.961
Grace Avenue,266.46200000000005
Grace Avenue,112.30799999999999
Blackthorn Road,157.019
Blackthorn Road,354.12100000000004
Woodside Drive,231.034
Travis Road,164.696
School Street,129.811
Sheehan Drive,176.79399999999998
School Street,151.60399999999998
Commonwealth Avenue,129.06400000000002
Commonwealth Avenue,147.37099999999998
Broadway,71.769
"['Beacon Street', 'Broadway']",116.979
Verona Avenue,55.494
Rice Avenue,56.757000000000005
Rice Avenue,58.156000000000006
Medieval Road,136.568
Joseph Road,49.68
Joseph Road,64.057
Holden Street,352.8599999999999
Holden Street,164.571
Sewell Street,571.0360000000001
Liberty Tree Lane,160.764
Liberty Tree Lane,120.12
Valley Forge Drive,290.352
Sam Allen Circle,72.762
Prospect Street,150.78799999999998
Prospect Street,140.307
Lake Street,13.633
Boston Turnpike,404.639
Lake Street,163.655
Maplewood Road,136.88899999999998
Main Boulevard,43.351
Hemingway Street,114.007
Adams Road,195.307
Hemingway Street,135.152
Old Salem Circle,136.637
Boylston Street,115.23500000000001
Longfellow Road,122.329
Wadsworth Road,428.195
Longfellow Road,499.71299999999997
Everett Avenue,200.305
Harrington Avenue,54.563
Harrington Avenue,75.92699999999999
Carrie Circle,157.92300000000003
Atwood Lane,84.293
Bellridge Drive,227.571
Atwood Lane,219.52100000000002
Harriet Avenue,76.822
Harriet Avenue,559.0140000000001
Harriet Avenue,129.12900000000002
Greenbriar Drive,122.515
Greenbriar Drive,150.95299999999997
Ridge Road,502.12200000000007
Worthington Avenue,21.807
Worthington Avenue,190.741
Power Avenue,157.112
Main Street,58.826
Main Street,159.19
Main Street,26.857
Grafton Street,17.348
,84.94800000000001
Grafton Street,362.05099999999993
Sias Avenue,71.503
Sias Avenue,73.582
Gleason Road,135.31300000000002
Gleason Road,142.227
Spring Street,105.259
Spring Street,212.318
Fieldstone Drive,229.476
Cedar Road,135.503
Odonnell Avenue,427.66100000000006
Ptarmigan Drive,132.755
Ptarmigan Drive,69.542
Hawkridge Road,97.396
Stanley Road,134.82799999999997
Boston Turnpike,73.779
Cabot Drive,25.134
Cabot Drive,31.616
Cabot Drive,27.271
Cherry Street,17.844
Joyce Circle,279.479
Cherry Street,161.55799999999996
,39.803999999999995
Maple Avenue,141.01600000000002
Maple Avenue,58.55
Heritage Road,109.178
Water Street,79.233
Water Street,19.16
Kings Point Drive,239.91
Gates Road,314.141
Gates Road,314.14099999999996
Gates Road,197.82
Kemble Drive,243.008
Meadowsweet Road,233.84300000000002
,27.628000000000004
,64.228
,81.563
Spring Terrace,164.824
Spring Circle,82.524
Spring Circle,297.931
Verona Avenue,74.63100000000001
Clinton Street,101.419
Clinton Street,49.437
Dorianna Circle,18.493
Grace Avenue,85.982
Dorianna Avenue,171.559
Main Boulevard,21.796
Main Boulevard,79.23100000000001
Hunting Avenue,97.815
Harvest Road,169.522
Winslow Street,87.162
Main Boulevard,115.3
Main Boulevard,138.065
Empire Street,261.074
Saybrook Road,116.204
Boston Turnpike,313.716
Roberts Street,135.69299999999998
Wesleyan Terrace,158.768
Municipal Drive,371.2630000000001
"['Daniel Road', 'Elma Circle']",385.812
Meadowbrook Circle,163.09699999999998
Spring Street,259.521
Spring Street,496.47399999999993
Westbrook Crossing Drive,23.064
Westbrook Crossing Drive,104.803
Dalton Drive,28.521
Sias Avenue,73.582
Sias Avenue,72.833
Bailey Road,134.85399999999998
Bailey Road,127.9
Sheridan Drive,262.594
Lupine Circle,87.917
Ashwood Circle,162.05900000000003
Ashwood Circle,148.50300000000001
Hemlock Circle,75.285
Kalamat Farms Circle,377.704
Main Street,29.947
Gates Road,197.81999999999996
Main Street,108.541
Cooper Drive,91.169
Tatum Road,135.209
Maple Avenue,46.547
Boston Turnpike,58.992
Polito Drive,249.402
Hartford Turnpike,136.64
Hartford Turnpike,258.33299999999997
Grafton Circle,39.128
Grafton Street,77.214
Grafton Street,53.46
Boylston Circle,372.28200000000004
Boylston Circle,105.642
Stone Meadow Farm Drive,207.42099999999996
Mountain View Avenue,119.014
Heronwood Drive,172.253
E K Court,25.469
Salisbury Street,67.38499999999999
Old Brook Circle,140.615
David Road,127.97299999999998
Clinton Street,34.542
Clinton Street,73.731
Mayflower Circle,112.828
,285.018
Farmington Drive,77.292
Farmington Drive,161.845
South Quinsigamond Avenue,134.975
Lake Street,47.311
Lake Street,122.57499999999997
South Quinsigamond Avenue,74.36200000000001
South Quinsigamond Avenue,78.71000000000001
Pleasant Street,114.38900000000001
Angela Avenue,115.451
Maury Lane,130.33
Maury Lane,85.505
Gold Street,321.524
Gold Street,74.472
Farmington Drive,325.635
Harvey Place,83.396
Almondwood Circle,109.59100000000001
,277.55899999999997
North Quinsigamond Avenue,130.116
North Quinsigamond Avenue,425.515
View Street,163.593
Old Mill Road,179.466
Old Mill Road,140.85600000000002
Gold Street,74.472
Gold Street,161.44299999999998
Memorial Drive,161.013
Memorial Drive,548.8919999999999
Grafton Street,45.102999999999994
Grafton Street,143.92000000000002
Lake Street,62.706
,20.285
,291.32
Harrington Farms Way,159.088
Harrington Farms Way,87.122
Harrington Farms Way,60.788
Park Street,230.458
Pratt Lane,139.63
Karen Avenue,126.273
Karen Avenue,89.558
,36.445
,151.76299999999998
School Street,176.784
School Street,220.098
Browning Road,162.004
Browning Road,301.288
Wachusett Circle,109.854
Karen Avenue,89.558
North Street,208.646
North Street,252.42700000000002
Shirley Road,230.395
Shirley Road,69.273
Holden Street,107.467
Holden Street,200.78699999999995
Hemingway Street,312.716
Hemingway Street,488.937
Faulkner Road,220.084
Salisbury Street,6.837
Salisbury Street,65.45400000000001
Bellingham Way,67.552
Rawson Hill Drive,105.524
Forest Hill Drive,268.76099999999997
Rawson Hill Drive,587.513
Latura Street,537.705
Oak Street,129.732
Oak Street,84.392
Hazel Avenue,143.799
Bumble Bee Circle,82.7
Honeysuckle Lane,261.24
Bumble Bee Circle,371.03000000000003
Stonybrook Lane,190.194
Lamplighter Drive,335.054
Lamplighter Drive,99.24099999999999
Julio Drive,551.27
South Street,387.52
South Street,144.36599999999999
"['Everett Avenue', 'Greylock Avenue']",358.441
Greylock Avenue,129.56799999999998
Sadler Avenue,154.435
Grafton Street,17.348
,263.71700000000004
Grafton Street,515.996
Sand Street,75.447
Tralee Lane,336.481
Waterville Lane,357.56999999999994
Waterville Lane,164.957
Melvin Avenue,222.053
Muzzy Avenue,30.984
Muzzy Avenue,73.051
Karen Avenue,126.273
Birch Lane,183.24900000000002
Birch Lane,196.785
Tolblin Hill Drive,20.986
Toblin Hill Drive,171.214
Toblin Hill Drive,171.863
Lake View Avenue,316.7449999999999
Boston Turnpike,54.339000000000006
Old Laxfield Road,172.581
Wesleyan Street,87.261
Maple Avenue,200.572
Maple Avenue,115.38699999999999
Claremont Circle,129.099
Knowlton Avenue,94.75999999999999
Park Street,230.45799999999994
Park Street,68.564
Park Street Place,70.402
Greenleaf Farms Circle,350.30000000000007
Artemas Avenue,99.158
Main Boulevard,268.10900000000004
Artemas Avenue,80.09300000000002
Tip Pond Road,123.78299999999999
Hartford Turnpike,155.467
Hartford Turnpike,435.097
,103.57499999999999
Canna Drive,215.941
Cottage Avenue,41.171
Harold Lane,81.40499999999999
Lakeside Drive,149.34799999999998
Lakeside Drive,187.05700000000002
Charles Street,53.111999999999995
Main Boulevard,76.42
Main Boulevard,79.231
Boston Drive,166.928
Boston Turnpike,195.469
Dickinson Circle,39.927
,74.148
,74.14800000000001
,103.214
Brooklawn Parkway,313.1820000000001
Eaton Avenue,24.242
Hartford Turnpike,139.77
Hartford Turnpike,30.636
Walnut Street,477.0540000000001
Deerfield Road,177.32700000000003
Deerfield Road,563.1959999999998
Ashwood Circle,74.944
Rucliff Street,113.274
Oak Street,308.131
Oak Street,127.78
Harrington Avenue,73.21000000000001
Harrington Avenue,54.29600000000001
Caroline Avenue,119.22800000000001
Ladyslipper Drive,96.497
Floral Street,141.243
Floral Street,189.26500000000001
,54.6
North Quinsigamond Avenue,425.51500000000004
North Quinsigamond Avenue,128.05100000000002
Stoneland Road Way,84.51
Stoneland Road,117.115
Stoneland Road,231.45100000000002
Brooklawn Parkway,313.182
Holden Street,164.57099999999997
Holden Street,188.97699999999998
Faulkner Road,117.088
Baldwin Circle,202.62699999999998
Faulkner Road,185.583
Lawrence Street,113.505
Harrington Avenue,37.916
Harrington Avenue,89.271
Richard Avenue,107.483
Cardinal Circle,88.64800000000001
Lebeaux Drive,23.628
Sunrise View Avenue,75.415
Lebeaux Drive,118.826
Lenox Drive,24.501
Westbrook Crossing Drive,74.707
Westbrook Crossing Drive,144.366
Liberty Tree Lane,120.12
Colonial Drive,159.765
Colonial Drive,307.197
Oak Ridge Way,78.743
Knollwood Drive,357.43899999999996
Oak Ridge Way,260.731
Grove Ridge Path,26.019000000000002
Grove Ridge Path,60.02199999999999
Althea Path,70.346
Spruce Street,61.393
Spruce Street,209.20100000000002
Meadow Lane,310.01
Gale Avenue,218.45199999999994
Maple Avenue,71.768
Maple Avenue,26.72
South Quinsigamond Avenue,191.95499999999998
South Quinsigamond Avenue,141.826
South Brook Street,97.703
Oak Street,52.216
Heath Road,281.7
Oak Street,290.93100000000004
Polito Drive,249.402
Shirley Lane,214.27599999999995
Shirley Road,150.668
Shirley Road,230.39499999999998
Camelot Drive,116.755
Camelot Drive,116.231
King Arthur Road,239.441
Grace Avenue,85.982
Kenda Circle,55.745000000000005
Kenda Road,233.288
Grace Avenue,136.73899999999998
Hazel Avenue,18.438
Hazel Avenue,143.799
Clinton Street,73.731
Tralee Lane,336.48100000000005
Tralee Lane,203.38
Waterville Lane,99.716
Walnut Street,104.833
Walnut Street,384.832
Tolblin Hill Drive,145.73
Brookdale Circle,36.401
Brookdale Circle,130.312
Brookdale Circle,202.034
Cook Street,149.18
Oak Street,66.575
Oak Street,47.811
Kenda Road,187.0
Boston Turnpike,42.081
Elm Street,54.642999999999994
Sturbridge Circle,107.57099999999998
South Quinsigamond Avenue,104.041
South Quinsigamond Avenue,90.49199999999999
Vinnie Way,284.5180000000001
Wachusett Circle,120.179
Hearthside Circle,167.475
Wachusett Circle,114.489
Spring Street,188.522
Spring Street,28.358
Dean Drive,67.53
Pine Avenue,166.835
Dewey Road,70.684
Dewey Road,241.554
Holman Street,105.2
Prospect Street,235.455
Prospect Street,443.87499999999994
Audubon Drive,364.61899999999997
Audubon Drive,161.941
Oriole Circle,65.789
Rosedale Avenue,74.94
Maple Avenue,145.166
Maple Avenue,74.625
Cortland Grove Drive,135.98
Purinton Street,156.195
Purinton Street,162.654
Benton Street,83.832
Newton Street,99.65700000000001
,401.773
Chestnut Street,280.70600000000013
Chestnut Street,533.624
Pal Drive,163.427
Phillips Court,105.596
Phillips Avenue,129.227
Phillips Avenue,73.973
,285.01800000000003
Mallard Circle,153.87099999999998
Odonnell Avenue,124.30199999999999
Odonnell Avenue,67.448
Concord Road,292.7059999999999
Bunker Hill Road,276.846
Bunker Hill Road,87.40800000000002
Estabrook Road,67.735
Edgewood Road,124.421
Edgewood Road,101.7
Walnut Street,557.787
Walnut Street,41.365
Boston Hill Circle,193.623
,223.90200000000002
Aspen Road,192.74400000000003
Fifth Avenue Right of Way,155.41299999999998
Fifth Avenue Right of Way,67.17099999999999
Fifth Avenue,88.938
,84.94800000000001
Candlewood Way,290.85999999999996
Grafton Street,22.01
Grafton Street,233.32699999999997
Grafton Street,217.82799999999997
Worthington Avenue,66.924
Worthington Avenue,75.393
Jackson Street,87.282
Fieldstone Drive,229.476
Rice Avenue,53.378
Pond Avenue,105.128
"['Eaton Avenue', 'Pond Avenue']",215.01100000000002
Longfellow Road,163.02
Longfellow Road,122.329
Browning Road,108.42
Saturn Drive,38.571
Saturn Drive,171.09699999999998
Mercury Drive,100.03500000000001
Gulf Street,444.013
Boylston Circle,370.27599999999995
Boylston Circle,372.282
Oval Drive,183.861
Farview Avenue,69.729
Farview Avenue,77.111
"['Keswick Street', 'Golden Hill Avenue']",210.70400000000004
Flagg Road,44.023
Heath Road,281.7
South Quinsigamond Avenue,74.57300000000001
South Quinsigamond Avenue,74.98400000000001
May Street,60.033
Niblick Road,38.016
Niblick Road,54.28099999999999
Woodside Drive,231.034
Tern Drive,83.536
,46.279999999999994
Grafton Street,155.657
,37.915
North Quinsigamond Avenue,19.577
North Quinsigamond Avenue,166.218
Rustic Avenue,41.804
Boston Turnpike,456.488
Hartford Turnpike,26.07
Forest Avenue,154.594
Hartford Turnpike,214.56
Holman Street,129.10399999999998
Holman Street,220.18400000000003
Holman Heights Circle,139.22600000000003
Edgewater Avenue,323.505
Boston Turnpike,152.74300000000002
Rawson Hill Drive,105.524
Tanglewood Drive,223.064
Rawson Hill Drive,115.562
Holly Lane,211.83699999999996
Monroe Street,97.879
Memorial Drive,83.176
Clews Street,234.722
Clews Street,176.73999999999998
,2997.7909999999993
Memorial Drive,882.3629999999999
Memorial Drive,53.736
Old Mill Road,143.838
Old Mill Road,71.395
Pond View Drive,107.76599999999999
Country Way,79.419
Country Way,172.93599999999998
Partridge Hill Road,235.39399999999998
Worthington Avenue,87.626
Myriah Road,284.127
Worthington Avenue,17.948
Spring Street,18.248
Spring Street,169.503
School Street,176.78400000000002
South Street,34.262
,50.186
South Street,265.87500000000006
Floral Street,49.233
Arbor Drive,763.0279999999999
Floral Street,192.60799999999998
Colton Lane,32.87
South Quinsigamond Avenue,323.7540000000001
North Quinsigamond Avenue,13.402000000000001
Boston Turnpike,54.473
Oakland Avenue,10.562
Washington Street,42.883
South Quinsigamond Avenue,134.97499999999997
South Quinsigamond Avenue,54.159
South Quinsigamond Avenue,150.07000000000002
Hillside Lane,93.9
Hillside Drive,116.489
Hillside Drive,585.11
Wood Street,71.75
Harrington Avenue,54.29600000000001
Harrington Avenue,19.798000000000002
Ladyslipper Drive,96.497
Ladyslipper Drive,415.996
Bumble Bee Circle,275.59000000000003
Bumble Bee Circle,233.80800000000005
Stonybrook Lane,190.194
Stonybrook Lane,75.71900000000001
Horseneck Road,161.935
,578.924
,434.26700000000005
North Quinsigamond Avenue,122.75299999999999
North Quinsigamond Avenue,88.89500000000001
Cottage Avenue,52.579
"['Miles Avenue', 'Bagley Avenue']",169.738
Venus Drive,230.86700000000002
Mercury Drive,108.712
Mercury Drive,98.552
South Quinsigamond Avenue,127.54399999999998
South Quinsigamond Avenue,191.95499999999998
Old Faith Road,529.985
Irving Drive,79.17599999999999
Irving Drive,73.297
Robertson Drive,256.6909999999999
,70.109
,228.60699999999994
Oakland Avenue,10.562
Oakland Avenue,182.07400000000004
Main Street,55.966
Oak Street Terrace,206.50799999999998
Jane Street,208.784
Heywood Street,131.81300000000002
Thomas Farm Circle,347.82099999999997
Cherry Street,133.221
Cherry Street,46.321999999999996
Camelot Drive,172.339
Knights Road,135.126
Camelot Drive,97.80400000000002
Fruit Street,151.296
Fruit Street,324.13100000000003
Arbor Drive,763.0279999999998
Howard Street,61.062
Willard Avenue,178.901
Willard Avenue,116.332
Monroe Street,142.58800000000002
Maple Avenue,109.869
Maple Avenue,73.296
Rawson Hill Drive,115.562
Barnard Street,46.68000000000001
Barnard Street,166.634
Main Street,77.231
Main Street,26.487000000000002
Estabrook Road,83.687
Estabrook Road,86.175
Laurel Avenue,148.706
Clinton Street,12.334
Clinton Street,160.39099999999996
Hobblebush Road,104.382
Higgins Street,57.336
Higgins Street,65.851
Kirk Street,40.406
Hyde Farms Road,96.797
Memorial Drive,369.45
Memorial Drive,882.363
Cherry Street,130.406
Bowdoin Street,107.986
Keyes House Road,174.27599999999998
Reservoir Street,450.53800000000007
Holman Street,105.2
Holman Street,348.41700000000003
Tip Pond Road,123.78300000000002
Hill Street,656.947
Hill Street,361.95699999999994
Mercury Drive,296.514
Old Cart Road,183.107
Myriah Road,57.102999999999994
Myriah Road,284.12699999999995
Hartford Turnpike,18.258000000000003
Hartford Turnpike,236.395
Edgemere Boulevard,219.14199999999997
Rolfe Avenue,62.092
Rolfe Avenue,75.57600000000001
Gordon Road,98.55799999999999
Grafton Street,99.988
Grafton Street,124.45500000000001
Municipal Drive,371.263
Old Laxfield Road,172.58100000000002
Old Laxfield Road,212.693
Old Laxfield Road,289.803
Cutler Street,71.876
Phillips Avenue,185.546
Phillips Avenue,129.22699999999998
,56.333
,137.867
,105.206
Cabot Drive,31.616
,12.08
Commons Drive,79.489
,78.596
Hartford Turnpike,53.823
Hartford Turnpike,18.257
"['Blackstone Street', 'Olive Avenue']",255.76
Marsh Drive,92.41799999999999
Wadsworth Road,428.19500000000005
Browning Road,301.288
Browning Road,111.765
Fairfax Street,199.71400000000003
,223.90200000000002
Memorial Drive,548.892
Memorial Drive,369.45
Job Cushing Road,174.939
Summer Street,246.45299999999997
Main Street,111.856
Main Street,108.541
Judick Street,112.755
Oak Street,127.78
Oak Street,370.804
Estabrook Road,84.544
Grafton Street,95.48400000000001
Grafton Street,99.30100000000002
Grove Street,31.763
Grafton Street,20.438
Grafton Street,515.996
Westwood Road,285.683
Westwood Road,83.03800000000001
Surrey Lane,174.26
Longfellow Road,182.901
Wachusett Avenue,78.332
Wachusett Avenue,113.608
Main Street,139.834
Oakland Avenue,195.80700000000002
Main Street,135.901
Main Street,159.19
Main Boulevard,81.178
Cook Street,149.18
Main Boulevard,164.669
Yorkshire Terrace,295.628
Boylston Street,110.801
Hillcrest Avenue,38.171
Brookside Place,92.67799999999998
South Quinsigamond Avenue,28.403
South Quinsigamond Avenue,96.00300000000001
Vinnie Way,284.518
Barnard Street,46.67999999999999
Old Faith Road,529.9850000000001
Turning Leaf Circle,112.249
Grafton Street,117.0
Grafton Street,67.963
,424.67100000000005
,536.4870000000001
Straw Hollow Lane,214.758
Bailey Road,134.85399999999998
Boston Turnpike,72.393
Brookdale Circle,28.081
Old Laxfield Road,24.658
Old Laxfield Road,212.693
Colonial Drive,108.61699999999999
Hylair Drive,108.71000000000001
Roman Drive,412.36899999999997
Roman Drive,116.81400000000001
Crescent Place,114.0
Butter Cup Lane,91.934
Bumble Bee Circle,233.80800000000002
Bumble Bee Circle,207.06
Old Barn Road,35.031
Old Cart Road,183.107
Old Barn Road,76.342
Elm Street,12.822
Boston Turnpike,42.217
South Quinsigamond Avenue,90.492
South Quinsigamond Avenue,320.55199999999996
Oak Street,88.178
Woodchuck Hill Road,205.492
Stonybrook Lane,397.76000000000005
Stonybrook Lane,83.45400000000001
Stone Meadow Farm Drive,207.42100000000002
Stone Meadow Farm Drive,169.617
Villa Road,100.60800000000002
South Quinsigamond Avenue,93.11699999999999
South Quinsigamond Avenue,43.653
South Quinsigamond Avenue,73.11399999999999
South Quinsigamond Avenue,277.31600000000003
Sheryl Drive,106.47399999999999
Olympia Avenue,23.572
Olympia Avenue,55.394
Wheeler Avenue,190.822
Cox Lane,87.434
Adams Road,171.10000000000002
Adams Road,183.001
Jane Street,208.784
Linwood Drive,155.86200000000002
Grafton Street,60.531
Grafton Street,144.89800000000002
Hillcrest Avenue,215.398
Spring Street,107.288
Spring Street,106.97099999999999
Greenleaf Farms Circle,350.3
South Quinsigamond Avenue,74.98400000000001
South Quinsigamond Avenue,111.79899999999999
Water Street,79.233
Florence Street,62.431
"['Manor Road', 'Millwood Drive']",596.416
Manor Road,75.291
Millwood Drive,79.127
Manor Road,79.74799999999999
Gulf Street,307.72200000000004
Gulf Street,112.803
Parmenter Hill Road,276.06399999999996
Westbrook Crossing Drive,12.103
Westbrook Crossing Drive,75.082
Oxford Drive,32.472
Elderberry Circle,128.83599999999998
Moulton Avenue,23.859
"['Howard Street', 'Selina Street']",184.648
Moulton Avenue,117.155
Wolcott Road,100.541
Crescent Street,64.085
Crescent Street,70.83
Jenney Street,216.42200000000003
Janet Circle,424.33200000000005
Janet Circle,115.833
Roger Street,76.243
Vista Drive,39.97
Shearson Drive,175.031
South Street,14.599
South Street,50.260000000000005
Boston Turnpike,420.60800000000006
Churchill Road,109.413
Surrey Lane,174.26
Surrey Lane,248.06099999999998
Shearson Drive,175.031
Thomas Farm Circle,104.06299999999999
Thomas Farm Circle,347.82099999999997
Wolcott Road,100.54099999999998
Maple Avenue,157.30100000000002
Maple Avenue,289.24
Purinton Street,156.195
Grafton Street,93.012
Grafton Street,128.531
Hyde Farms Road,96.797
Edgemere Boulevard,117.199
Edgemere Boulevard,219.14199999999997
Bay View Drive,339.147
Old Brook Road,55.537000000000006
Old Brook Road,407.697
Francis Avenue,245.474
North Quinsigamond Avenue,11.103
Main Street,83.201
Holden Street,200.78700000000003
,214.50399999999993
Eagle Drive,92.833
Lear Street,129.012
North Quinsigamond Avenue,293.247
North Quinsigamond Avenue,268.128
Olde Colony Drive,162.32199999999997
Keyes House Road,529.2309999999999
Keyes House Road,328.57999999999987
Victoria Circle,114.03999999999999
Main Street,301.59900000000005
Main Street,372.98699999999997
Spruce Street,114.129
Edgewood Road,139.80200000000002
Lake Street,85.25399999999999
Lake Street,160.51
Commons Drive,68.98599999999999
Commons Drive,79.489
,141.809
Lenox Drive,24.501
Toblin Hill Drive,171.863
Toblin Hill Drive,107.933
Nursery Drive,278.55400000000003
Boston Hill Circle,193.623
Oak Street,64.437
Oak Street,66.575
Maury Lane,85.505
Argila Lane,66.518
First Avenue,188.07099999999997
Dartmoor Drive,154.059
Dartmoor Drive,11.47
Hunter Circle,91.94399999999999
Van Ness Avenue,95.245
,534.992
Boylston Street,254.18099999999998
North Quinsigamond Avenue,88.89500000000001
North Quinsigamond Avenue,51.463
Olympia Avenue,100.02000000000001
Dean Drive,67.53
Spring Street,232.061
Spring Street,182.627
Spring Meadow Drive,89.461
Brook Street,207.536
South Street,123.829
South Street,519.1179999999998
,36.46300000000001
,78.596
,141.809
Brookdale Circle,29.48
"['Sunset Lane', 'Bay Road']",218.34900000000002
Marie Street,82.091
,37.915
,199.42399999999998
Trowbridge Lane,464.098
Trowbridge Lane,290.10400000000004
Ashmont Street,87.47
Oak Street,74.047
Latura Street,537.7049999999999
Marie Street,82.091
Oak Street,151.075
Hartford Turnpike,30.636
Hartford Turnpike,307.402
Walnut Street,343.26699999999994
Walnut Street,104.01499999999999
Walnut Street,306.61300000000006
Hillando Drive,271.06100000000004
Howe Avenue,320.733
Howe Avenue,93.6
Roman Drive,116.814
,111.93200000000002
Salisbury Street,65.45400000000001
Salisbury Street,67.38499999999999
Vista Place,86.812
Sunrise View Avenue,75.415
Dalton Drive,38.940999999999995
Flint Meadow Lane,106.042
Lamplighter Drive,99.241
Lamplighter Drive,449.61400000000003
Sandpiper Drive,112.46099999999998
Sandpiper Drive,116.878
Cardinal Circle,88.648
Edgewood Road,171.004
Edgewood Road,101.7
Kenilworth Road,308.229
Kenilworth Road,104.951
Fiske Street,178.84099999999995
,144.4
Maple Avenue,175.576
Hutchins Street,196.73
Maple Avenue,130.166
North Street,70.013
Wilder Road,320.5880000000001
North Street,94.274
Edgewood Road,54.775000000000006
Bosworth Road,129.568
Ashton Drive,120.40199999999997
Kings Point Drive,239.91
Cypress Avenue,139.261
Cypress Avenue,1631.443
Ridge Road,502.122
Edgewood Road,124.421
Woodland Road,117.35300000000001
Edgewood Road,54.775000000000006
Prospect Street,22.895
Merriam Avenue,221.28
Prospect Street,73.946
Vancroft Avenue,126.036
Ridgeland Road,75.293
Ridgeland Road,73.10699999999999
Boylston Street,31.104
Prospect Street,68.324
Boylston Street,61.785
,137.86700000000002
Boston Turnpike,583.466
Spring Street,106.971
Spring Street,244.61399999999998
Almondwood Circle,109.59100000000001
Flanagan Drive,256.348
Selina Street,107.297
David Road,127.97299999999998
Angela Avenue,216.42500000000004
Angela Avenue,115.451
Pal Drive,78.806
Pal Drive,71.282
Stratton Drive,37.107
Fifth Avenue Right of Way,155.413
Lancelot Road,272.928
Joseph Road,64.057
Joseph Road,119.35899999999998
Tanager Drive,93.406
Tanager Drive,484.043
Kinglet Drive,389.8539999999999
Beverly Road,89.634
Elm Street,29.784999999999997
Elm Street,31.528
Fox Hill Road,284.323
Neptune Drive,275.683
Mercury Drive,296.514
Mercury Drive,108.712
Olympia Avenue,30.399
Olympia Avenue,196.79199999999997
Marietta Avenue,197.484
,45.297
Odonnell Avenue,484.8740000000001
Main Street,142.35100000000003
Main Street,96.709
Boston Turnpike,194.757
Lake Street,217.738
Lake Street,80.255
Topsfield Circle,116.81899999999999
Sias Avenue,74.317
Sias Avenue,71.503
Tatum Road,135.209
Tatum Road,119.656
Howe Avenue,215.422
Beverly Hill Drive,225.53699999999998
Oak Street,279.247
Oak Street,129.732
Saturn Drive,38.571
Saturn Drive,104.196
Arcturus Drive,136.425
Lincoln Avenue,71.828
Washington Street,278.038
Washington Street,354.154
South Street,283.922
South Street,1038.486
Berkshire Road,339.10299999999995
Boston Turnpike,219.046
Boston Turnpike,55.327999999999996
,43.826
Peninsula Drive,114.74600000000001
Lakeside Drive,187.05700000000002
Lakeside Drive,153.846
Canna Drive,41.752
Edgemere Boulevard,183.655
Edgemere Boulevard,52.919
Walnut Street,279.595
Main Circle,119.207
Main Circle,117.41499999999999
Oak Street,82.854
Pal Drive,71.282
Oak Street,72.03
Atwood Lane,219.52100000000004
Park View Lane,123.237
Rams Gate Place,73.488
Rosedale Avenue,175.00400000000002
,24.312
Oak Ridge Way,36.109
Oak Ridge Way,78.743
Boxford Drive,38.953
,41.973
,20.400999999999996
,87.278
Colonial Way,194.51299999999998
Broadway,93.573
Trowbridge Lane,464.098
Trowbridge Lane,248.38400000000001
Founders Road,199.029
Old Mill Road,88.14800000000001
Old Mill Road,143.838
Millwood Drive,79.12700000000001
Bosworth Road,18.176
Clinton Street,70.867
Clinton Street,283.534
,47.933
Grafton Street,53.46000000000001
Grafton Street,199.64300000000003
Hartford Turnpike,43.006
Hartford Turnpike,516.648
Purinton Street,38.337
Lebeaux Drive,118.826
Saxon Lane,127.655
Olde Colony Drive,410.4169999999999
Olde Colony Drive,244.47699999999998
Saxon Lane,192.956
Jill Circle,63.108000000000004
,27.428
Maple Avenue,39.927
Boston Turnpike,75.747
Maple Avenue,24.359
,200.18900000000002
Hartford Turnpike,153.29000000000002
Hartford Turnpike,136.284
Villa Road,119.31
Plainfield Avenue,73.535
Plainfield Avenue,66.74
Stonybrook Lane,87.83200000000001
Grafton Street,143.92000000000002
Grafton Street,160.684
Hickory Drive,627.296
Grafton Street,411.933
Grafton Street,149.002
Boylston Street,63.403999999999996
Colonial Drive,82.226
Chestnut Street,22.996000000000002
Chestnut Street,31.847
Chestnut Street,533.624
Old Barn Road,35.031
Country Way,54.312
Country Way,79.419
Morningside Drive,270.186
Jordan Road,26.549
Ronald Lane,110.933
Florence Street,132.962
Glen Gery Road,128.89
Woodway Drive,51.097
,199.42400000000004
Boston Turnpike,358.431
Eastwood Road,310.36300000000006
Eastwood Road,127.03899999999999
Eastwood Road,99.181
Pratt Lane,51.477
Rhinecliff Street,63.199
Holden Street,61.832
Holden Street,87.174
,219.384
,790.8270000000001
Hillcrest Avenue,38.171
Summer Street,99.15599999999999
Hillcrest Avenue,215.398
Summer Street,103.572
Fifth Avenue Right of Way,67.17099999999999
North Quinsigamond Avenue,166.21799999999996
North Quinsigamond Avenue,42.199
Verona Avenue,55.494
Verona Avenue,74.631
"['Jacob Street', 'Pleasant View Street']",108.862
Elm Street,77.362
Bailey Road,159.192
Elm Street,126.424
Oak Street,64.437
Tanager Drive,93.406
Oak Street,72.03
Trowbridge Lane,290.104
Ashmont Street,69.371
"['Jefferson Drive', 'Trowbridge Lane']",241.26800000000003
Brookside Place,92.67800000000001
Cypress Avenue,1631.4429999999998
Holden Street,64.349
Holden Street,107.467
Holden Street,337.91999999999996
Whitehall Circle,144.066
,243.3919999999999
Maple Avenue,107.69600000000003
Maple Avenue,24.543
Kirk Street,40.406
Rice Street,59.26
Rice Street,240.986
Bonnie Dell Lane,173.555
Spring Street,18.248
Spring Street,244.614
,57.22800000000001
,75.164
Cherry Street,521.299
Cherry Street,626.679
Westmont Road,104.315
Main Street,152.112
Main Street,81.982
,115.39299999999997
Maple Avenue,175.576
Maple Avenue,43.72
Floral Street,49.233
Butter Cup Lane,91.934
Floral Street,130.975
Sturbridge Circle,107.571
Wachusett Circle,194.342
Wachusett Circle,114.489
Oak Street,19.688
Oak Street Terrace,206.50799999999998
Sheridan Drive,262.59400000000005
Oak Street,279.247
South Quinsigamond Avenue,182.56700000000004
South Quinsigamond Avenue,288.389
Fairfax Street,199.714
Floral Street,489.04499999999996
Floral Street,132.636
Ryan Road,329.697
Winslow Street,27.577
State Street,71.783
Winslow Street,294.48300000000006
Main Street,77.231
Main Street,175.48000000000002
Westwood Road,96.295
Norcross Point,82.27199999999999
Sam Allen Circle,72.762
Stratton Drive,37.107
Stratton Drive,51.644999999999996
Stratton Drive,35.129000000000005
Reuben Circle,47.468
Toblin Hill Drive,89.99099999999999
Toblin Hill Drive,171.214
Willard Avenue,42.251
Willard Avenue,116.332
Whitney Street,230.453
Artemas Avenue,99.158
General Avenue,146.196
General Avenue,157.16600000000003
Memorial Drive,7.681
Memorial Drive,53.736000000000004
Elaine Street,77.044
Janet Circle,115.833
Janet Circle,424.332
Glen Gery Road,44.661
Glen Gery Road,128.89000000000001
Bowdoin Street,107.98599999999999
Oxford Drive,32.472
Harlow Road,137.118
Main Street,186.54099999999997
Main Street,111.856
Grafton Street,6.728
Grafton Street,95.48400000000001
Old Brook Road,407.697
Eastwood Road,127.039
Eastwood Road,310.363
Summer Street,99.15599999999999
Minuteman Way,162.16000000000003
Cherry Street,626.6789999999999
Boston Turnpike,466.8299999999999
South Brook Street,97.703
South Street,26.511
South Street,602.525
Cobblestone Way,194.205
Bridle Path,414.42499999999995
Bridle Path,317.354
,295.3670000000001
,39.377
Rolling Hill Road,133.09500000000003
Sunflower Circle,94.697
Bruce Avenue,362.6940000000001
Oak Street,29.355
Dalphen Road,135.146
Oak Street,370.804
South Street,519.118
Hartford Turnpike,137.187
Hartford Turnpike,150.555
,675.391
,42.04
,25.388
Fyrbeck Avenue,96.09
Cutler Street,71.876
Fyrbeck Avenue,185.21600000000004
Monroe Street,142.58800000000002
Elm Street,77.362
Edgemont Road,69.92200000000001
Mountain View Avenue,119.01400000000001
Elm Street,252.253
Overlook Avenue,75.852
"['Fairview Street', 'Overlook Avenue']",188.609
Pleasant Street,114.389
Greenbriar Drive,190.847
Greenbriar Drive,122.515
Ivy Path,315.71500000000003
Crescent Street,43.099
Crescent Street,44.853
Heritage Road,74.44200000000001
Holly Lane,211.83700000000002
Summer Street,207.74599999999998
Summer Street,144.929
Bluegrass Lane,176.852
Bosworth Road,18.176
Clinton Street,177.722
Bosworth Road,129.56799999999998
Eastern Point Drive,11.179
Eastern Point Drive,56.998
Eastern Point Drive,23.783
,57.227999999999994
Whitehall Circle,183.332
Amherst Road,231.80700000000002
Arch Street,356.45200000000006
,151.085
Main Street,96.47300000000001
Bunker Hill Road,87.408
Bunker Hill Road,59.285999999999994
Minuteman Way,707.8920000000002
Westmont Road,125.65899999999999
Maple Avenue,85.012
Maple Avenue,87.585
East Avenue,43.264
East Avenue,86.28
Woodway Drive,364.4
Richard Avenue,72.829
Richard Avenue,60.609
"['Daniel Road', 'Elma Circle']",385.812
North Street,88.34
North Street,70.013
Vista Drive,246.326
Ashmont Street,87.47
Ashmont Street,69.371
Minot Avenue,120.38300000000001
Grafton Street,233.327
Grafton Street,217.82799999999997
Grafton Street,552.9990000000001
Orchard Road,242.368
Hutchins Street,59.645
Hutchins Street,196.73
Stoney Hill Road,386.55499999999995
Stoney Hill Road,652.526
Deer Run Drive,142.028
Thistle Hill Drive,256.908
Thorning Drive,163.26500000000001
North Quinsigamond Avenue,73.452
North Quinsigamond Avenue,71.42999999999999
Fyrbeck Avenue,185.216
Hazel Avenue,18.438
Clinton Street,283.534
Clinton Street,101.419
Lakeside Path,12.548
North Quinsigamond Avenue,10.244
North Quinsigamond Avenue,133.28
Evergreen Street,78.494
Walnut Street,87.939
Walnut Street,168.78100000000003
Tralee Lane,203.38
Oak Street,29.355
Oak Street,114.381
Maury Lane,77.63000000000001
Odonnell Avenue,484.874
Odonnell Avenue,66.677
Willet Drive,245.56399999999996
Thistle Hill Drive,256.90799999999996
Main Boulevard,84.901
Main Boulevard,164.669
Empire Street,261.074
Lake Street,104.427
Glen Terrace,275.453
Lake Street,265.419
Arbor Circle,68.029
Industrial Drive,347.345
Main Boulevard,92.792
Oregon Avenue,46.371
Minot Avenue,120.38300000000001
Lebeaux Drive,23.628
Boston Turnpike,773.395
Grafton Street,20.438
Grove Street,29.562000000000005
Grafton Street,380.855
Seneca Street,246.523
Ryan Road,329.697
Sand Street,75.447
Holden Street,133.254
Holden Street,61.832
Canna Drive,41.752
Canna Drive,215.941
Norton Way,155.14499999999998
Westbrook Crossing Drive,23.213
Westbrook Crossing Drive,104.80300000000001
Stratton Drive,35.129000000000005
Grafton Street,99.301
Grafton Street,45.102999999999994
Kenilworth Road,308.229
Boston Turnpike,347.683
Commons Drive,153.546
Worthington Avenue,21.807
Worthington Avenue,194.117
"['Lakewood Drive', 'Hancock Street']",546.9570000000002
Audubon Drive,133.713
Old Mill Road,705.8939999999999
Old Mill Road,88.148
Hylair Drive,68.854
Lake Street,857.6329999999999
Lake Street,84.117
Highridge Road,326.769
"['Blackthorn Road', 'Northland Road']",259.758
Northland Road,111.007
Ptarmigan Drive,69.542
Childs Street,101.16499999999999
Rolfe Avenue,77.831
Rolfe Avenue,81.512
Bailey Road,127.9
Mercury Drive,98.55199999999999
Mercury Drive,100.035
Mars Drive,211.91199999999998
Rucliff Street,113.274
Main Circle,85.01
Main Circle,26.959
Liberty Drive,383.372
Main Circle,71.118
Brookdale Circle,34.456
Brookdale Circle,36.238
Brookdale Circle,29.48
Bittersweet Circle,134.354
Cherry Street,17.844
Rockwell Drive,202.89499999999998
Cherry Street,180.144
Glen Terrace,275.453
Edgewood Road,125.376
Edgewood Road,139.802
Arcturus Drive,136.425
Longfellow Road,163.02
Tory Drive,155.81799999999998
Longfellow Road,182.901
Flintlock Drive,171.605
Flintlock Drive,171.60499999999996
Flintlock Drive,270.863
Pond View Drive,147.499
Pond View Drive,107.766
Manor Road,79.74799999999999
Grove Street,31.763
Grove Street,723.602
Grove Street,29.561999999999998
South Quinsigamond Avenue,43.653
South Quinsigamond Avenue,98.407
Harrison Place,15.171
Lake Street,104.427
Ferncroft Road,299.749
Lake Street,62.705999999999996
,46.333
,75.043
Boylston Street,184.107
Wachusett Avenue,60.677
Barnard Street,84.977
Boylston Street,31.607
Horseneck Road,161.935
Lamplighter Drive,100.831
Lamplighter Drive,201.959
Comstock Drive,286.553
,81.563
,73.781
,104.19600000000001
Summer Street,246.45300000000003
Summer Street,207.74599999999998
Raymond Avenue,258.546
Pussy Willow Road,102.537
Honeysuckle Lane,92.104
Honeysuckle Lane,261.24
Boston Turnpike,129.044
Bailey Road,159.192
Sadler Avenue,197.686
Muzzy Avenue,73.05099999999999
Muzzy Avenue,65.58
Cottage Avenue,41.171
Grove Ridge Path,26.019000000000002
Cottage Avenue,52.579
Elaine Street,77.044
Lake Street,93.297
Lake Street,160.87599999999998
Stoney Hill Road,386.5549999999999
Hartford Turnpike,775.33
Hartford Turnpike,176.707
Saxon Lane,128.777
Hunter Circle,367.787
Hunter Circle,81.97800000000001
Boston Turnpike,12.967
Deergrass Road,144.379
Ireta Road,84.875
Ireta Road,852.837
Maple Circle,122.726
Brightside Avenue,146.081
Maple Circle,271.796
Walnut Drive,115.169
Faulkner Road,185.583
Lake Street,108.383
Lake Street,335.396
South Quinsigamond Avenue,141.826
South Quinsigamond Avenue,74.362
"['Fairview Street', 'Overlook Avenue']",188.609
Harrington Farms Way,40.984
Harrington Farms Way,39.124
Harrington Farms Way,39.918
Sias Avenue,71.809
Stanley Road,134.82799999999997
"['Stanley Road', 'Rolfe Avenue']",126.53400000000002
Rhinecliff Street,18.386
,83.671
,93.578
,87.278
Westport Circle,59.998999999999995
"['Edgemont Road', 'Beach Road']",493.0989999999999
Edgemont Road,69.922
Leblanc Road,236.256
,115.649
,115.649
,261.06100000000004
Clews Street,176.73999999999998
Grafton Street,100.827
Violette Circle,118.47999999999999
Oak Street,47.811
Oak Street,123.028
Worthington Avenue,225.565
Lahinch Lane,45.391999999999996
Woodway Drive,51.097
Woodway Drive,364.40000000000003
Carlton Street,76.5
Cabot Drive,25.134
Holden Street,87.17399999999999
Clinton Street,89.59200000000001
Clinton Street,284.709
Holden Street,294.66999999999996
Hapgood Way,739.4339999999999
Maple Avenue,73.296
Maple Avenue,74.434
Richard Avenue,72.829
Maple Avenue,55.028
Maple Avenue,127.519
Crescent Street,23.022
Crescent Street,207.40099999999998
Meadow Lane,310.01
Old Brook Road,165.673
Old Brook Road,288.033
Old Brook Circle,140.615
,24.312
Edgewater Avenue,38.122
Sterling Street,175.31499999999994
Edgewater Avenue,135.51
Westbrook Crossing Drive,144.36599999999999
Main Street,320.982
Main Street,578.717
Oak Ridge Way,260.731
Main Circle,122.37700000000001
Main Circle,119.207
Birchwood Drive,82.188
Spruce Street,114.12899999999999
Spruce Street,209.20100000000002
Charles Street,53.111999999999995
Harrington Avenue,37.793
Harrington Avenue,60.898
Ashwood Circle,148.50300000000001
Hartford Turnpike,26.07
Anglin Lane,150.18800000000002
Hartford Turnpike,185.264
Ireta Road,852.8370000000002
Main Street,217.05100000000002
Main Street,22.683
Howard Street,61.062
Caroline Avenue,186.71300000000002
Caroline Avenue,119.22800000000001
Pal Drive,163.427
Pal Drive,78.806
Maury Lane,282.55899999999997
Maury Lane,130.33
Rawson Place,102.842
Birch Lane,56.382
Rice Avenue,53.378
Rice Avenue,58.156000000000006
Ira Avenue,122.10600000000001
Main Boulevard,81.178
Main Boulevard,76.42000000000002
Saunders Drive,266.795
Grafton Street,144.898
Grafton Street,114.072
Eastwood Road,99.181
Old Brook Road,165.67299999999997
South Street,196.857
South Street,253.514
Timari Drive,145.75300000000001
Brentwood Drive,183.47299999999998
Vista Drive,39.97
Vista Place,86.812
Vista Drive,246.326
Dana Road,111.25999999999999
Vega Drive,134.953
Dartmoor Drive,40.477
Cross Street,340.624
Prospect Street,31.46
Prospect Street,60.94500000000001
Oak Street,157.724
Maple Avenue,43.72
Maple Avenue,141.016
Lake Street,13.633
Boston Turnpike,330.8
Lake Street,256.238
Elliot Circle,175.78700000000003
Dickinson Circle,39.927
Dickinson Circle,101.16399999999999
Williamsburg Court,593.0360000000002
Oak Street,114.13499999999999
Oak Street,110.613
Pheasant Hill Drive,231.883
Worthington Avenue,239.441
Worthington Avenue,66.924
Wendell Street,102.936
Worthington Avenue,87.626
Worthington Avenue,41.893
Linda Circle,68.916
Harris Avenue,8.375
Lake Street,50.592
Lake Street,217.738
Green Street,1170.785
Hartford Turnpike,150.555
Hartford Turnpike,1256.9359999999995
South Street,183.666
Amherst Road,231.807
Amherst Road,116.547
Claremont Circle,129.09900000000002
John Street,163.084
Fifth Avenue,88.938
,105.206
Rockwell Drive,166.94
Farmington Drive,161.845
Farmington Drive,175.41199999999998
Hayden Lane,94.875
Purinton Street,162.654
Purinton Street,117.054
Grist Mill Circle,100.03100000000002
Hunting Avenue,114.437
Saunders Drive,72.196
Hunting Avenue,269.07800000000003
Lamplighter Drive,61.572
Melody Lane,357.508
Lamplighter Drive,583.514
Boston Turnpike,375.90999999999997
,80.08200000000001
North Quinsigamond Avenue,136.67
North Quinsigamond Avenue,11.026
Stonybrook Lane,87.83200000000001
Stonybrook Lane,397.75999999999993
Argila Lane,66.518
Highland Street,112.69
South Quinsigamond Avenue,78.71000000000001
South Quinsigamond Avenue,54.15899999999999
Colonial Drive,17.879
Colonial Drive,410.52700000000004
Colonial Way,194.51299999999998
Loring Street,162.10100000000003
Prospect Street,73.946
Prospect Street,135.752
Grace Avenue,120.168
,64.228
,27.628000000000004
,144.4
Boylston Street,115.23499999999999
Colonial Drive,269.575
Colonial Drive,82.22600000000001
,216.805
,191.12099999999998
,103.57499999999999
Browning Road,108.42
Browning Road,162.004
Bryant Avenue,336.563
Morrill Avenue,67.469
"['Morrill Avenue', 'Baker Avenue']",203.57100000000003
Sadler Avenue,154.43499999999997
Sadler Avenue,197.686
Norton Way,155.145
Bay View Drive,90.22399999999999
Bay View Drive,284.714
,104.196
,73.78099999999999
,243.392
Heatherwood Drive,479.956
Cranbrook Road,83.866
Cranbrook Road,253.75500000000005
Churchill Road,109.413
Westwood Road,83.038
Westwood Road,170.775
Merlin Circle,81.416
Camelot Drive,172.339
Camelot Drive,247.191
South Street,21.575
Hunting Avenue,99.209
South Street,196.85699999999997
South Quinsigamond Avenue,155.9
South Quinsigamond Avenue,74.573
Elizabeth Street,187.62999999999997
Roberts Street,135.69299999999998
South Quinsigamond Avenue,20.189
South Quinsigamond Avenue,28.403000000000002
Grove Street,723.602
Grove Street,342.94199999999995
Arrowwood Drive,187.26
Hawthorne Road,271.243
Grafton Street,128.531
Hartford Turnpike,136.284
Grafton Street,411.93300000000005
Hartford Turnpike,136.64
Spring Street,169.503
Spring Street,105.259
,397.03100000000006
Dalton Drive,100.901
Hartford Turnpike,97.193
Hartford Turnpike,18.258000000000003
,89.761
Hunter Circle,93.11
Amberly Lane,178.125
Hunter Circle,81.97800000000001
Williamsburg Court,593.0360000000001
Oak Street,114.13499999999999
Oak Street,543.801
Lancelot Road,272.928
Camelot Drive,116.755
Camelot Drive,406.995
Turtle Creek Circle,175.44
South Street,21.575
Keswick Street,30.557000000000002
South Street,107.898
Main Circle,206.084
Main Street,277.179
Main Street,301.59900000000005
,47.36
,70.49399999999999
Pond View Drive,147.49900000000002
Sherwood Avenue,204.643
Oak Street,157.724
Oak Street,142.23000000000002
Old Oak Street,98.076
Oak Street,151.075
Oak Street,127.77800000000002
Old Mill Road,705.8939999999999
Main Street,22.683
Main Street,320.9820000000001
,60.099999999999994
South Quinsigamond Avenue,51.525000000000006
Hunter Circle,93.11
Dartmoor Drive,154.059
Heatherwood Drive,479.956
Dartmoor Drive,238.04899999999995
,102.255
Avon Avenue,31.267
Greylock Avenue,129.568
Avon Avenue,189.928
Cranbrook Road,253.755
Prospect Street,247.89300000000003
Prospect Street,412.795
Flamingo Circle,101.739
Wheelock Street,231.505
Wheelock Street,152.677
Wachusett Circle,194.34200000000004
South Quinsigamond Avenue,111.79899999999999
South Quinsigamond Avenue,104.041
John Street,163.084
Saybrook Road,76.374
Saybrook Road,316.73800000000006
Jenney Street,216.42200000000003
Gold Street,374.8239999999999
Cherry Street,46.322
Cherry Street,521.2989999999999
Norcross Point,82.27199999999999
Bay View Drive,339.14700000000005
Bay View Drive,284.714
Checkerberry Lane,122.94900000000001
Bumble Bee Circle,207.06
Bumble Bee Circle,140.09199999999998
Pussy Willow Road,102.537
Pearl Street,92.252
"['Avon Avenue', 'Phillips Avenue']",118.36699999999999
Phillips Avenue,185.546
Beverly Hill Drive,55.125
Beverly Hill Drive,607.13
Hillside Lane,93.9
Lawrence Street,113.505
Fiske Street,178.841
Maple Avenue,24.543
Maple Avenue,130.166
Oak Ridge Way,36.109
,120.464
,140.695
North Quinsigamond Avenue,11.103
Main Street,181.21499999999997
North Quinsigamond Avenue,293.247
Flint Meadow Lane,106.042
Washington Street,42.883
Washington Street,278.038
Artemas Avenue,80.093
Mallard Circle,153.871
Spring Street,259.521
Main Street,277.17900000000003
Saint James Road,340.977
Amberly Lane,178.125
Hunter Circle,91.94399999999999
Hunter Circle,367.78700000000003
Holman Street,100.789
Holman Street,147.89300000000003
Shepard Lane,180.526
Angela Avenue,216.42499999999995
Maury Lane,77.63
Maury Lane,282.5590000000001
Cooper Drive,91.169
Thomas Farm Circle,124.744
Thomas Farm Circle,417.662
South Street,21.024
Farview Avenue,138.68099999999998
South Street,107.898
Villa Road,119.31
Villa Road,70.429
Wingate Street,108.88900000000001
Oregon Avenue,46.371
Oregon Avenue,55.032
Marietta Avenue,197.484
Longfellow Road,499.71299999999985
Browning Road,111.765
Browning Road,286.34600000000006
"['Sterling Street', 'Svenson Road']",228.13999999999996
Sterling Street,58.043000000000006
Naples Street,108.399
Main Street,137.208
Taft Road,134.77700000000002
Maple Avenue,115.387
Maple Avenue,85.01200000000001
Crescent Street,23.022
Crescent Street,233.332
Harriet Avenue,81.479
,86.884
Boston Turnpike,52.147999999999996
,102.255
Farmington Drive,325.63499999999993
Farmington Drive,77.292
Prospect Street,140.307
Prospect Street,247.89300000000003
Birch Brush Road,539.535
Hawkridge Road,97.396
Lake Street,256.238
Lake Street,857.6330000000002
Naples Street,77.361
Naples Street,108.399
Edgewater Avenue,323.50500000000005
Edgewater Avenue,60.846999999999994
Red Coat Circle,100.573
Fox Hill Road,336.921
Fox Hill Road,284.323
Red Coat Road,326.298
Prospect Street,37.74
Prospect Street,135.752
Worthington Avenue,26.881
Worthington Avenue,239.441
Kingston Street,290.512
Main Street,44.476
,21.372999999999998
Maple Avenue,61.65
Main Street,109.285
Merlin Circle,81.416
Hartford Turnpike,18.257
George Street,127.11200000000001
Hartford Turnpike,214.56
Prospect Street,385.726
Swan Circle,142.228
Greenwood Avenue,74.837
Main Boulevard,21.796
Main Boulevard,92.792
Notch Brook Road,161.612
Groveland Street,61.155
Svenson Road,66.412
Svenson Road,53.41600000000001
General Avenue,157.166
Liberty Tree Lane,160.764
Bunker Hill Road,105.654
Minuteman Way,162.16
Minuteman Way,707.892
Moulton Avenue,117.15499999999999
High Street,76.092
Highridge Road,326.769
High Street,113.582
Maplewood Road,136.889
Grafton Street,160.68400000000003
Grafton Street,139.343
Worthington Avenue,194.11699999999996
Worthington Avenue,26.881
Benton Street,83.832
Boston Drive,126.021
Wesleyan Street,198.14
Grafton Street,201.78700000000003
Grafton Street,115.571
"['Everett Avenue', 'Greylock Avenue']",358.441
Everett Avenue,200.30499999999998
Morrill Avenue,66.701
,71.484
,80.444
,50.186
Eastern Point Drive,71.09
Eastern Point Drive,71.08999999999999
Eastern Point Drive,56.998000000000005
Sycamore Road,265.634
Ruthen Circle,390.43199999999996
Ruthen Circle,390.4319999999999
Alice Avenue,144.327
Toblin Hill Drive,107.93299999999999
Toblin Hill Drive,89.99100000000001
Bummet Brook Circle,109.66499999999999
Walnut Street,327.495
Boston Turnpike,370.421
Hylair Drive,68.854
Hylair Drive,108.71000000000001
Roman Drive,412.36899999999986
May Street,74.177
Florence Street,132.962
,111.93199999999999
Commons Drive,64.615
Commons Drive,153.546
,153.045
Cherry Street,327.7440000000001
Cherry Street,180.14399999999998
Manor Road,35.719
Saxon Lane,128.777
Olde Colony Drive,186.122
Saxon Lane,170.49
Fyrbeck Avenue,96.09
Barrows Road,127.13
Spring Street,108.06200000000001
Spring Street,96.093
Old Barn Road,76.342
Redland Street,227.05699999999996
Redland Street,53.489999999999995
Colonial Drive,17.879
Jacobson Drive,153.72
Colonial Drive,307.197
Chamberlain Road,68.782
Selina Street,107.297
Elm Street,138.23000000000002
Elm Street,62.117
Silver Gate Circle,72.179
Fairlawn Circle,110.533
Fairlawn Circle,311.79100000000005
Miller Place,55.223
Eaton Avenue,24.242
Pleasant View Street,53.669
"['Eaton Avenue', 'Pond Avenue']",215.01099999999997
Bonnie Dell Lane,173.555
Huntington Road,66.698
Salisbury Street,26.558
,46.864
,89.208
,12.08
Commons Drive,31.015
Boston Turnpike,530.417
Industrial Drive,347.345
Hunting Avenue,114.437
Washington Street,354.154
Hunting Avenue,97.815
Flamingo Circle,101.739
Oriole Circle,124.461
Oriole Circle,65.789
Job Cushing Road,174.939
,124.933
"['Parker Road', 'Oregon Avenue']",316.5399999999999
North Quinsigamond Avenue,42.199
North Quinsigamond Avenue,122.75300000000001
Boston Turnpike,211.643
Gordon Road,135.539
,39.995
Boston Turnpike,48.412
Trowbridge Circle,165.62800000000001
Browning Road,286.34600000000006
Gulf Street,112.80300000000001
Gulf Street,751.2130000000001
Hillando Drive,271.06100000000004
Hillando Drive,550.0029999999999
Bayberry Circle,102.519
Cypress Avenue,161.31599999999997
Gulf Street,338.479
Gulf Street,299.09700000000004
Oval Drive,183.86100000000002
Sewell Street,93.116
Sewell Street,571.0360000000001
Turning Leaf Circle,112.249
Memorial Drive,7.943
Memorial Drive,61.352
Newton Street,99.65700000000001
Rosedale Avenue,74.94
Rosedale Avenue,70.02199999999999
Old Oak Street,98.076
Old Oak Street,95.649
Redland Street,227.05700000000002
Grafton Street,362.051
Grafton Street,97.66799999999999
Hemingway Street,247.78700000000003
Willet Drive,94.251
Tennis Drive,559.1800000000001
Grafton Circle,94.765
Grafton Street,22.01
Grafton Street,25.023
Sinclair Road,148.71200000000002
Hemingway Street,135.152
Hemingway Street,312.71600000000007
Thoreau Circle,97.42800000000001
Leonard Parkway,136.61
Walnut Street,193.713
Walnut Street,152.318
Red Coat Circle,100.57300000000001
South Street,164.65
South Street,283.922
Arch Street,356.452
Ronald Lane,110.933
School Street,151.60399999999998
School Street,215.68500000000003
,33.967
Clews Street,133.17399999999998
Clews Street,139.27
Willard Avenue,178.901
Elm Street,31.528
Elm Street,252.253
Holt Street,232.23700000000002
,33.967
Hartford Turnpike,18.602
Hartford Turnpike,122.66799999999999
Hartford Turnpike,50.352999999999994
Hartford Turnpike,183.97399999999996
Sycamore Road,265.634
Arrowwood Drive,93.348
Arrowwood Drive,65.856
Tavern Street,170.469
Liberty Drive,383.37199999999996
Seton Drive,446.0230000000001
Lamplighter Drive,201.95899999999997
Lamplighter Drive,127.26100000000001
"['Lakeside Drive', 'Smith Road']",169.253
Lake Street,93.297
Lake Street,26.592
Roger Street,76.243
Trowbridge Lane,248.38400000000001
Founders Road,199.02900000000002
Trowbridge Circle,165.62800000000001
Founders Road,133.757
Stoney Hill Road,639.0640000000002
Stoney Hill Road,117.577
Nightingale Drive,265.15799999999996
,214.50400000000002
Boylston Street,184.10700000000003
Boylston Street,248.315
Main Street,113.80199999999999
,24.359
Harrington Avenue,60.897999999999996
Harrington Avenue,24.561999999999998
Childs Street,101.16499999999999
Lake Street,64.622
Lake Street,263.42699999999996
,118.24300000000001
Crescent Street,119.751
Boston Turnpike,154.15300000000002
Round Table Road,91.383
Round Table Road,150.26
Sword Street,79.473
Naples Street,77.36100000000002
Plainfield Avenue,313.57500000000005
Plainfield Avenue,81.895
Boston Turnpike,110.10900000000001
Baker Avenue,307.914
Hemlock Circle,75.285
Benjamin Lane,122.599
Metcalf Road,33.068
Fairlawn Circle,311.79099999999994
Fairlawn Circle,110.533
Carrie Circle,157.923
Lake Street,99.986
Walnut Street,477.0540000000001
Walnut Street,168.781
Sajda Drive,205.04799999999997
Monroe Street,97.879
Wiltshire Drive,156.22100000000003
Monroe Street,313.033
,45.297
Harrington Farms Way,124.75500000000001
Harrington Farms Way,87.12199999999999
Essex Drive,22.957
Westbrook Crossing Drive,75.08200000000001
Westbrook Crossing Drive,74.707
Prospect Street,13.024000000000001
Commonwealth Avenue,147.371
Maple Avenue,74.625
Maple Avenue,44.97
Walnut Street,327.495
Walnut Street,35.209999999999994
Tennis Drive,559.18
Old Salem Circle,136.637
Wachusett Circle,120.179
Wachusett Circle,139.915
Higgins Street,57.336
Old Mill Road,98.17999999999999
Harrington Avenue,89.271
Old Mill Road,177.064
Leonard Parkway,136.61
Hartford Turnpike,36.908
Bellingham Way,67.552
Merriam Avenue,221.28
Boylston Street,71.607
Boylston Street,220.673
Ireta Road,84.875
General Avenue,146.196
Main Street,75.11
Main Street,445.984
Boylston Street,405.90199999999993
Boylston Street,122.70700000000001
Boylston Circle,149.704
Boylston Street,31.104
Boylston Street,115.26599999999999
Church Road,112.309
Grafton Street,201.78699999999998
Boylston Street,115.26599999999999
Main Street,41.854
Main Street,183.336
Main Street,65.069
School Street,215.685
Main Circle,26.959
Main Street,372.987
Main Street,41.854
Main Street,89.68100000000001
Main Street,6.749
Maple Avenue,78.126
Hascall Street,175.80899999999997
Wesleyan Street,198.14
Wesleyan Street,185.08700000000002
Boylston Street,220.673
Boylston Street,719.7830000000001
Boylston Circle,105.642
Venus Drive,286.78299999999996
,25.388
Prospect Street,443.875
Prospect Street,47.56399999999999
Hascall Street,175.80900000000003
Maple Avenue,78.126
Maple Avenue,200.57199999999997
,416.457
Harvey Place,83.396
Main Street,5.88
,99.31800000000001
,6.025
Main Street,53.947
Dewey Road,12.662
Boston Turnpike,145.667
Svenson Road,13.489
Svenson Road,66.41199999999999
Boston Turnpike,135.246
Svenson Road,13.489
Boston Turnpike,116.901
Harrington Avenue,249.961
Spring Terrace,164.824
Spring Terrace,91.982
Willow Woods Drive,150.371
Willow Woods Drive,150.371
Laurel Ridge Lane,168.692
Highland Hill Drive,139.445
Laurel Ridge Lane,168.692
Meadow Hill Road,186.626
Meadow Hill Road,150.412
Highland Hill Drive,139.445
Meadow Hill Road,156.75900000000001
Meadow Hill Road,186.626
North Street,200.168
North Street,108.043
Meadow Hill Road,150.412
High Street,76.092
High Street,111.49699999999999
Meadow Hill Road,156.759
Memorial Drive,597.821
Memorial Drive,161.013
Adams Farm Road,161.194
Adams Farm Road,79.262
Adams Farm Road,171.416
Independence Lane,88.076
Patriot Lane,308.126
Gold Street,374.824
Gold Street,321.524
Adams Farm Road,249.98299999999998
Independence Lane,334.83700000000005
Independence Lane,334.83700000000005
Independence Lane,88.076
Patriot Lane,308.12600000000003
Adams Farm Road,249.98299999999998
Adams Farm Road,79.262
Hamilton Circle,109.95499999999998
Hamilton Circle,109.955
Slocum Meadow Lane,224.38899999999995
Slocum Meadow Lane,172.042
Hampshire Drive,269.58
Slocum Meadow Lane,172.04199999999997
Slocum Meadow Lane,128.89100000000002
Trinity Circle,32.3
Slocum Meadow Lane,128.891
Slocum Meadow Lane,188.418
Parmenter Hill Road,130.337
Gulf Street,174.14099999999996
Gulf Street,307.722
Slocum Meadow Lane,188.418
Wachusett Circle,139.915
Wachusett Circle,261.965
Grist Mill Circle,100.031
Holman Heights Circle,139.226
Park Grove Lane,202.01900000000006
Park Grove Lane,213.86599999999999
Spring Street,113.838
Spring Street,129.07099999999997
Park Grove Lane,202.01899999999998
Hickory Bend Road,205.755
Settlers Road,248.48499999999999
Blackthorn Road,354.121
"['Blackthorn Road', 'Northland Road']",259.75800000000004
Hickory Bend Road,205.755
Knights Road,135.126
Morningside Drive,270.186
Morningside Drive,239.27700000000004
Cranbrook Road,83.866
Balsam Circle,111.20500000000001
Ashwood Circle,74.944
Ashwood Circle,162.05900000000003
Balsam Circle,111.20499999999998
Shetland Way,64.573
Appaloosa Drive,329.1190000000001
Appaloosa Drive,119.89200000000001
Shetland Way,64.573
Thoroughbred Way,59.312
Appaloosa Drive,119.89200000000001
Appaloosa Drive,403.4630000000001
Thoroughbred Way,59.312
South Street,1038.4860000000006
South Street,123.829
Appaloosa Drive,403.46299999999985
Orchard Meadow Drive,322.25899999999996
Grafton Street,100.827
Grafton Street,93.01199999999999
Orchard Meadow Drive,95.824
Cortland Grove Drive,49.69
Cortland Grove Drive,174.685
Orchard Meadow Drive,142.684
Orchard Meadow Drive,95.824
Blossom Tree Drive,42.296
Orchard Meadow Drive,52.96000000000001
Blossom Tree Drive,276.79200000000003
Orchard Meadow Drive,148.416
Orchard Meadow Drive,52.96000000000001
Cider Mill Drive,77.775
Orchard Meadow Drive,56.431000000000004
Orchard Meadow Drive,56.431
Orchard Meadow Drive,148.416
Cortland Grove Drive,49.69
Cortland Grove Drive,174.685
Cortland Grove Drive,135.98
Blossom Tree Drive,276.79200000000003
Blossom Tree Drive,42.296
Blossom Tree Drive,64.242
Blossom Tree Drive,64.24199999999999
Apple Seed Drive,35.319
Orchard Meadow Drive,142.684
Orchard Meadow Drive,322.25900000000007
Apple Seed Drive,35.319
Apple Seed Drive,62.325
Apple Seed Drive,62.325
Crimson Drive,80.15100000000001
Crimson Drive,345.952
Hickory Drive,627.2959999999999
Crimson Drive,80.151
Cider Mill Drive,64.50500000000001
Cider Mill Drive,64.50500000000001
Cider Mill Drive,77.775
Thorning Drive,163.26500000000001
Lamplighter Drive,583.514
Lamplighter Drive,100.831
Taha Drive,144.555
Sajda Drive,263.949
"['Afra Drive', 'Sajda Drive']",201.928
"['Afra Drive', 'Sajda Drive']",201.928
Sajda Drive,66.027
Sajda Drive,205.048
Taha Drive,144.555
Sajda Drive,263.94900000000007
Sajda Drive,66.027
Spring Street,188.522
Spring Street,182.62699999999998
Holman Street,348.41700000000003
Holman Street,129.10399999999998
Holman Street,220.184
Holman Street,70.495
Alice Avenue,144.327
Park Street,136.17399999999998
Holman Street,70.495
Holman Street,100.789
Park Street West,100.31599999999999
Main Street,445.984
Main Street,239.077
Founders Road,133.757
Carlton Street,154.539
Main Street,239.077
South Street,114.13100000000001
Main Street,130.464
Julio Drive,551.2700000000001
South Street,387.52
South Street,114.13100000000001
Centech Boulevard,211.723
Centech Boulevard,816.478
Cherry Street,154.051
Cherry Street,186.187
Holden Street,64.349
Spring Street,129.071
Spring Street,232.06099999999998
Spring Terrace,91.982
Norwood Avenue,69.708
Main Street,75.685
Main Street,75.11
Main Street,65.069
Main Street,75.685
Main Circle,71.11800000000001
Boylston Street,169.58800000000002
Boylston Street,71.607
Loring Street,162.101
,42.04
Prospect Street,47.56399999999999
Prospect Street,176.26099999999997
,599.8149999999999
Boylston Street,237.68900000000002
Boylston Street,98.577
,532.3570000000001
,368.71899999999994
,13.775
Prospect Street,11.919
Prospect Street,31.46
Dartmoor Drive,28.777
Prospect Street,29.727
Boylston Street,61.785
Boylston Street,8.774
Grafton Street,11.454
Knowlton Avenue,379.61099999999993
Grafton Street,109.26899999999999
Grafton Street,11.454
Raymond Avenue,258.546
Grafton Street,115.57099999999998
Grafton Street,124.45500000000001
Grafton Street,7.869
Paton Road,222.216
,144.776
Grafton Street,7.869
Grafton Street,60.531000000000006
Main Street,18.794
,12.225
Main Street,239.06
,6.4
,14.422
Kings Brook Avenue,179.956
Old Mill Road,71.395
Old Mill Road,98.17999999999999
Kings Brook Avenue,179.95600000000002
Hampshire Drive,269.58000000000004
Parmenter Hill Road,123.73199999999999
Parmenter Hill Road,130.337
Parmenter Hill Road,276.064
Parmenter Hill Road,123.732
Clover Glen Circle,52.792
Clover Glen Circle,52.792
Trinity Circle,32.3
Slocum Meadow Lane,224.389
Boylston Street,149.577
Boylston Street,31.607
Main Street,135.90099999999998
Main Street,79.705
Lear Street,50.255
Lear Street,50.254999999999995
Lear Street,129.012
Temple Court,64.635
Temple Court,64.63499999999999
Spring Meadow Drive,57.916
Spring Meadow Drive,89.46100000000001
Spring Meadow Drive,52.38499999999999
Spring Meadow Drive,57.916000000000004
Hartford Turnpike,50.352999999999994
Hartford Turnpike,139.77
Valente Drive,59.004000000000005
Hutchins Street,59.645
Maple Avenue,56.794999999999995
Maple Avenue,55.688
North Quinsigamond Avenue,268.128
North Quinsigamond Avenue,130.116
Lear Street,93.153
Tamarack Lane,226.77099999999996
Lear Street,57.150999999999996
Lear Street,93.15300000000002
Main Street,29.805
Main Street,26.538999999999998
Thestland Drive,160.989
,53.532
Boston Worcester Turnpike,106.19900000000001
Althea Path,70.346
Eastern Point Drive,11.179
Eastern Point Drive,148.65
Clinton Street,70.867
Glendale Avenue,166.184
Glendale Avenue,166.184
Timari Drive,145.753
Grafton Street,109.269
Grafton Street,99.988
Main Street,81.28800000000001
Cypress Avenue,55.048
,13.043
Cypress Avenue,139.26099999999997
,13.043
Lakeside Drive,9.559
"['Lakeside Drive', 'Smith Road']",169.25300000000001
Stringer Dam Road,30.110999999999997
Boylston Street,8.774
Boylston Street,169.588
Avalon Way,372.45000000000005
Hartford Turnpike,307.40200000000004
Hartford Turnpike,620.0029999999999
Avalon Way,372.45000000000005
Harlow Road,137.118
Hartford Turnpike,43.006
Hartford Turnpike,258.333
Purinton Street,117.054
,16.171
Olympia Avenue,196.792
Muzzy Avenue,65.58
"['Baker Avenue', 'Morrill Avenue']",203.57099999999997
Baker Avenue,307.914
Grafton Street,6.728
Woodland Road,82.154
Grafton Street,114.072
Valente Drive,9.55
Valente Drive,71.132
Valente Drive,9.55
Valente Drive,76.32600000000001
Valente Drive,8.829
Valente Drive,8.829
Valente Drive,64.12100000000001
Green Street,1170.7850000000003
Appaloosa Drive,329.119
South Street,13.73
South Street,50.260000000000005
Yorkshire Terrace,295.62799999999993
Rustic Avenue,41.804
Rustic Avenue,123.184
Rustic Avenue,123.18399999999998
Leblanc Road,236.25599999999997
North Quinsigamond Avenue,128.05100000000002
North Quinsigamond Avenue,21.171
Eastern Point Drive,22.521
Revere Circle,65.158
Revere Circle,65.158
Adams Farm Road,171.416
Adams Farm Road,161.19400000000002
Memorial Drive,7.681
Memorial Drive,79.291
,60.227000000000004
Memorial Drive,79.291
Memorial Drive,84.37
,106.01899999999998
Hartford Turnpike,205.45499999999998
Hartford Turnpike,72.877
Memorial Drive,67.858
Memorial Drive,7.943
,60.544
Hartford Turnpike,72.87700000000001
Hartford Turnpike,153.29000000000002
Memorial Drive,67.858
Memorial Drive,84.37
,96.379
Grove Street,342.942
Lake Street,68.784
Lake Street,136.463
Meadowsweet Road,233.843
Arrowwood Drive,187.26000000000002
Arrowwood Drive,109.1
Cottonwood Circle,98.78500000000001
Thoreau Circle,97.428
Emerson Circle,84.332
Sinclair Road,313.361
Sinclair Road,148.712
Hemingway Street,114.007
Sinclair Road,313.36100000000005
Hemingway Street,247.787
Emerson Circle,84.33200000000001
Topsfield Circle,252.68200000000002
Topsfield Circle,254.645
Sheryl Drive,370.80400000000003
Boston Turnpike,58.585
,135.579
Point Road,169.257
Darren Drive,62.073
Darren Drive,62.073
Shannon Drive,82.31400000000001
Shannon Drive,160.684
Fortune Boulevard,37.333
Fortune Boulevard,37.333
Fortune Boulevard,497.166
Fortune Boulevard,5.772
Centech Boulevard,816.4780000000001
Fortune Boulevard,5.772
Fortune Boulevard,493.49800000000005
Victoria Circle,114.03999999999999
Lake Street,31.071
Lake Street,335.396
,416.457
Lake Street,31.071
,291.32000000000005
Lake Street,228.012
Prospect Street,150.78799999999998
Reservoir Street,90.571
Prospect Street,65.30600000000001
Olde Colony Drive,244.47699999999998
Olde Colony Drive,186.122
Dartmoor Drive,238.04900000000004
Medieval Road,136.568
Carter Road,413.196
Carter Road,231.76300000000003
Camelot Drive,116.231
Camelot Drive,313.03
Joseph Road,132.373
Camelot Drive,406.99500000000006
Joseph Road,119.35900000000001
Joseph Road,61.844
Camelot Drive,106.547
Camelot Drive,97.804
Round Table Road,254.566
Stone Avenue,186.623
Tuscan Place,89.205
,46.864000000000004
Eaglehead Terrace,209.428
North Quinsigamond Avenue,11.026
North Quinsigamond Avenue,73.45199999999998
Oak Street,114.381
Oak Street,82.854
Oak Meadow Circle,96.035
Oak Meadow Circle,96.035
Lake Street,228.012
Lake Street,68.784
Grove Meadow Lane,144.55200000000002
Grove Meadow Lane,144.55200000000002
Lake Way,64.098
Salisbury Street,6.837
Salisbury Street,26.558
Lake Way,64.098
Melvin Avenue,154.943
Tatassit Circle,41.988
South Quinsigamond Avenue,320.552
South Quinsigamond Avenue,295.081
Tatassit Circle,41.988
Silver Gate Circle,72.179
Clark Way,47.789
Old Mill Road,378.32800000000003
Old Mill Road,98.538
Clark Way,47.789
Birchwood Drive,21.439
Wood Street,71.75
Park Street West,12.167
Lillian Terrace,29.977
Jordan Road,26.549
Jordan Road,167.655
Lillian Terrace,29.977
,56.165
,171.149
,80.44399999999999
,56.165
,71.484
,171.149
Howe Avenue,309.39000000000004
Lake Street,80.255
Lake Street,157.22199999999998
North Quinsigamond Avenue,40.364
North Quinsigamond Avenue,136.67
,90.928
,90.928
,81.621
,81.621
Redland Street,143.605
,75.164
Hemingway Street,488.937
Lake Street,157.222
Lake Street,108.383
Worthington Avenue,157.618
Worthington Avenue,17.948
,397.03099999999995
Stoneland Road,231.45099999999996
,106.044
,89.761
,12.821
North Quinsigamond Avenue,51.463
North Quinsigamond Avenue,10.244
Lakeside Path,95.404
,12.821
,9.655
Lakeside Path,95.404
Lakeside Path,12.548
,9.655
Lakeside Path,86.036
Church Road,112.309
Church Road,59.981
Lake Street,50.592
Lake Street,84.11699999999999
,75.365
Harris Avenue,8.375
Harris Avenue,171.914
,75.36500000000001
Tolblin Hill Drive,20.986
Oak Street Terrace,48.39
Rice Street,59.260000000000005
High Street,111.497
North Street,252.42700000000002
North Street,51.748999999999995
